"sic_code","sic_desc","sic_industry"
"01110","Growing of cereals (except rice), leguminous crops and oil seeds","A"
"01120","Growing of rice","A"
"01130","Growing of vegetables and melons, roots and tubers","A"
"01140","Growing of sugar cane","A"
"01150","Growing of tobacco","A"
"01160","Growing of fibre crops","A"
"01190","Growing of other non-perennial crops","A"
"01210","Growing of grapes","A"
"01220","Growing of tropical and subtropical fruits","A"
"01230","Growing of citrus fruits","A"
"01240","Growing of pome fruits and stone fruits","A"
"01250","Growing of other tree and bush fruits and nuts","A"
"01260","Growing of oleaginous fruits","A"
"01270","Growing of beverage crops","A"
"01280","Growing of spices, aromatic, drug and pharmaceutical crops","A"
"01290","Growing of other perennial crops","A"
"01300","Plant propagation","A"
"01410","Raising of dairy cattle","A"
"01420","Raising of other cattle and buffaloes","A"
"01430","Raising of horses and other equines","A"
"01440","Raising of camels and camelids","A"
"01450","Raising of sheep and goats","A"
"01460","Raising of swine/pigs","A"
"01470","Raising of poultry","A"
"01490","Raising of other animals","A"
"01500","Mixed farming","A"
"01610","Support activities for crop production","A"
"01621","Farm animal boarding and care","A"
"01629","Support activities for animal production (other than farm animal boarding and care) n.e.c.","A"
"01630","Post-harvest crop activities","A"
"01640","Seed processing for propagation","A"
"01700","Hunting, trapping and related service activities","A"
"02100","Silviculture and other forestry activities","A"
"02200","Logging","A"
"02300","Gathering of wild growing non-wood products","A"
"02400","Support services to forestry","A"
"03110","Marine fishing","A"
"03120","Freshwater fishing","A"
"03210","Marine aquaculture","A"
"03220","Freshwater aquaculture","A"
"05101","Mining of hard coal from deep coal mines (underground mining)","B"
"05102","Mining of hard coal from open cast coal working (surface mining)","B"
"05200","Mining of lignite","B"
"06100","Extraction of crude petroleum","B"
"06200","Extraction of natural gas","B"
"07100","Mining of iron ores","B"
"07210","Mining of uranium and thorium ores","B"
"07290","Mining of other non-ferrous metal ores","B"
"08110","Quarrying of ornamental and building stone, limestone, gypsum, chalk and slate","B"
"08120","Operation of gravel and sand pits; mining of clays and kaolin","B"
"08910","Mining of chemical and fertiliser minerals","B"
"08920","Extraction of peat","B"
"08930","Extraction of salt","B"
"08990","Other mining and quarrying n.e.c.","B"
"09100","Support activities for petroleum and natural gas extraction","B"
"09900","Support activities for other mining and quarrying","B"
"10110","Processing and preserving of meat","C1"
"10120","Processing and preserving of poultry meat","C1"
"10130","Production of meat and poultry meat products","C1"
"10200","Processing and preserving of fish, crustaceans and molluscs","C1"
"10310","Processing and preserving of potatoes","C1"
"10320","Manufacture of fruit and vegetable juice","C1"
"10390","Other processing and preserving of fruit and vegetables","C1"
"10410","Manufacture of oils and fats","C1"
"10420","Manufacture of margarine and similar edible fats","C1"
"10511","Liquid milk and cream production","C1"
"10512","Butter and cheese production","C1"
"10519","Manufacture of milk products (other than liquid milk and cream, butter, cheese) n.e.c","C1"
"10520","Manufacture of ice cream","C1"
"10611","Grain milling","C1"
"10612","Manufacture of breakfast cereals and cereals-based foods","C1"
"10620","Manufacture of starches and starch products","C1"
"10710","Manufacture of bread; manufacture of fresh pastry goods and cakes","C1"
"10720","Manufacture of rusks and biscuits; manufacture of preserved pastry goods and cakes","C1"
"10730","Manufacture of macaroni, noodles, couscous and similar farinaceous products","C1"
"10810","Manufacture of sugar","C1"
"10821","Manufacture of cocoa, and chocolate confectionery","C1"
"10822","Manufacture of sugar confectionery","C1"
"10831","Tea processing","C1"
"10832","Production of coffee and coffee substitutes","C1"
"10840","Manufacture of condiments and seasonings","C1"
"10850","Manufacture of prepared meals and dishes","C1"
"10860","Manufacture of homogenised food preparations and dietetic food","C1"
"10890","Manufacture of other food products n.e.c.","C1"
"10910","Manufacture of prepared feeds for farm animals","C1"
"10920","Manufacture of prepared pet foods","C1"
"11010","Distilling, rectifying and blending of spirits","C1"
"11020","Manufacture of wine from grape","C1"
"11030","Manufacture of cider and other fruit wines","C1"
"11040","Manufacture of other non-distilled fermented beverages","C1"
"11050","Manufacture of beer","C1"
"11060","Manufacture of malt","C1"
"11070","Manufacture of soft drinks; production of mineral waters and other bottled waters","C1"
"12000","Manufacture of tobacco products","C1"
"13100","Preparation and spinning of textile fibres","C2"
"13200","Weaving of textiles","C2"
"13300","Finishing of textiles","C2"
"13910","Manufacture of knitted and crocheted fabrics","C2"
"13921","Manufacture of soft furnishings","C2"
"13922","Manufacture of canvas goods, sacks etc.","C2"
"13923","Manufacture of household textiles (other than soft furnishings of 13.92/1)","C2"
"13931","Manufacture of woven or tufted carpets and rugs","C2"
"13939","Manufacture of carpets and rugs (other than woven or tufted) n.e.c.","C2"
"13940","Manufacture of cordage, rope, twine and netting","C2"
"13950","Manufacture of non-wovens and articles made from non-wovens, except apparel","C2"
"13960","Manufacture of other technical and industrial textiles","C2"
"13990","Manufacture of other textiles n.e.c.","C2"
"14110","Manufacture of leather clothes","C2"
"14120","Manufacture of workwear","C2"
"14131","Manufacture of men's outerwear, other than leather clothes and workwear","C2"
"14132","Manufacture of women's outerwear, other than leather clothes and workwear","C2"
"14141","Manufacture of men's underwear","C2"
"14142","Manufacture of women's underwear","C2"
"14190","Manufacture of other wearing apparel and accessories","C2"
"14200","Manufacture of articles of fur","C2"
"14310","Manufacture of knitted and crocheted hosiery","C2"
"14390","Manufacture of other knitted and crocheted apparel","C2"
"15110","Tanning and dressing of leather; dressing and dyeing of fur","C2"
"15120","Manufacture of luggage, handbags and the like, saddlery and harness","C2"
"15200","Manufacture of footwear","C2"
"16100","Sawmilling and planing of wood","C6"
"16210","Manufacture of veneer sheets and wood-based panels","C6"
"16220","Manufacture of assembled parquet floors","C6"
"16230","Manufacture of other builders' carpentry and joinery","C6"
"16240","Manufacture of wooden containers","C6"
"16290","Manufacture of other products of wood; manufacture of articles of cork, straw and plaiting materials","C6"
"17110","Manufacture of pulp","C6"
"17120","Manufacture of paper and paperboard","C6"
"17211","Manufacture of corrugated paper and paperboard; manufacture of sacks and bags of paper","C6"
"17219","Manufacture of paper and paperboard containers other than sacks and bags","C6"
"17220","Manufacture of household and sanitary goods and of toilet requisites","C6"
"17230","Manufacture of paper stationery","C6"
"17240","Manufacture of wallpaper","C6"
"17290","Manufacture of other articles of paper and paperboard","C6"
"18110","Printing of newspapers","C6"
"18121","Manufacture of printed labels","C6"
"18129","Printing (other than printing of newspapers and printing on labels and tags) n.e.c.","C6"
"18130","Pre-press and pre-media services","C6"
"18140","Binding and related services","C6"
"18201","Reproduction of sound recording","C6"
"18202","Reproduction of video recording","C6"
"18203","Reproduction of computer media","C6"
"19100","Manufacture of coke oven products","C6"
"19201","Mineral oil refining","C6"
"19209","Other treatment of petroleum products (excluding mineral oil refining/petrochemicals manufacture)","C6"
"20110","Manufacture of industrial gases","C3"
"20120","Manufacture of dyes and pigments","C3"
"20130","Manufacture of other inorganic basic chemicals","C3"
"20140","Manufacture of other organic basic chemicals","C3"
"20150","Manufacture of fertilisers and nitrogen compounds","C3"
"20160","Manufacture of plastics in primary forms","C3"
"20170","Manufacture of synthetic rubber in primary forms","C3"
"20200","Manufacture of pesticides and other agrochemical products","C3"
"20301","Manufacture of paints, varnishes and similar coatings, mastics and sealants","C3"
"20302","Manufacture of printing ink","C3"
"20411","Manufacture of soap and detergents","C3"
"20412","Manufacture of cleaning and polishing preparations","C3"
"20420","Manufacture of perfumes and toilet preparations","C3"
"20510","Manufacture of explosives","C3"
"20520","Manufacture of glues","C3"
"20530","Manufacture of essential oils","C3"
"20590","Manufacture of other chemical products n.e.c.","C3"
"20600","Manufacture of man-made fibres","C3"
"21100","Manufacture of basic pharmaceutical products","C3"
"21200","Manufacture of pharmaceutical preparations","C3"
"22110","Manufacture of rubber tyres and tubes; retreading and rebuilding of rubber tyres","C6"
"22190","Manufacture of other rubber products","C6"
"22210","Manufacture of plastic plates, sheets, tubes and profiles","C6"
"22220","Manufacture of plastic packing goods","C6"
"22230","Manufacture of buildersâ€™ ware of plastic","C6"
"22290","Manufacture of other plastic products","C6"
"23110","Manufacture of flat glass","C6"
"23120","Shaping and processing of flat glass","C6"
"23130","Manufacture of hollow glass","C6"
"23140","Manufacture of glass fibres","C6"
"23190","Manufacture and processing of other glass, including technical glassware","C6"
"23200","Manufacture of refractory products","C6"
"23310","Manufacture of ceramic tiles and flags","C6"
"23320","Manufacture of bricks, tiles and construction products, in baked clay","C6"
"23410","Manufacture of ceramic household and ornamental articles","C6"
"23420","Manufacture of ceramic sanitary fixtures","C6"
"23430","Manufacture of ceramic insulators and insulating fittings","C6"
"23440","Manufacture of other technical ceramic products","C6"
"23490","Manufacture of other ceramic products","C6"
"23510","Manufacture of cement","C6"
"23520","Manufacture of lime and plaster","C6"
"23610","Manufacture of concrete products for construction purposes","C6"
"23620","Manufacture of plaster products for construction purposes","C6"
"23630","Manufacture of ready-mixed concrete","C6"
"23640","Manufacture of mortars","C6"
"23650","Manufacture of fibre cement","C6"
"23690","Manufacture of other articles of concrete, plaster and cement","C6"
"23700","Cutting, shaping and finishing of stone","C6"
"23910","Production of abrasive products","C6"
"23990","Manufacture of other non-metallic mineral products n.e.c.","C6"
"24100","Manufacture of basic iron and steel and of ferro-alloys","C4"
"24200","Manufacture of tubes, pipes, hollow profiles and related fittings, of steel","C4"
"24310","Cold drawing of bars","C4"
"24320","Cold rolling of narrow strip","C4"
"24330","Cold forming or folding","C4"
"24340","Cold drawing of wire","C4"
"24410","Precious metals production","C4"
"24420","Aluminium production","C4"
"24430","Lead, zinc and tin production","C4"
"24440","Copper production","C4"
"24450","Other non-ferrous metal production","C4"
"24460","Processing of nuclear fuel","C4"
"24510","Casting of iron","C4"
"24520","Casting of steel","C4"
"24530","Casting of light metals","C4"
"24540","Casting of other non-ferrous metals","C4"
"25110","Manufacture of metal structures and parts of structures","C4"
"25120","Manufacture of doors and windows of metal","C4"
"25210","Manufacture of central heating radiators and boilers","C4"
"25290","Manufacture of other tanks, reservoirs and containers of metal","C4"
"25300","Manufacture of steam generators, except central heating hot water boilers","C4"
"25400","Manufacture of weapons and ammunition","C4"
"25500","Forging, pressing, stamping and roll-forming of metal; powder metallurgy","C4"
"25610","Treatment and coating of metals","C4"
"25620","Machining","C4"
"25710","Manufacture of cutlery","C4"
"25720","Manufacture of locks and hinges","C4"
"25730","Manufacture of tools","C4"
"25910","Manufacture of steel drums and similar containers","C4"
"25920","Manufacture of light metal packaging","C4"
"25930","Manufacture of wire products, chain and springs","C4"
"25940","Manufacture of fasteners and screw machine products","C4"
"25990","Manufacture of other fabricated metal products n.e.c.","C4"
"26110","Manufacture of electronic components","C5"
"26120","Manufacture of loaded electronic boards","C5"
"26200","Manufacture of computers and peripheral equipment","C5"
"26301","Manufacture of telegraph and telephone apparatus and equipment","C5"
"26309","Manufacture of communication equipment (other than telegraph and telephone apparatus and equipment","C5"
"26400","Manufacture of consumer electronics","C5"
"26511","Manufacture of electronic instruments and appliances for measuring, testing, and navigation, except industrial process control equipment","C5"
"26512","Manufacture of electronic industrial process control equipment","C5"
"26513","Manufacture of non-electronic instruments and appliances for measuring, testing and navigation , except industrial process control equipment","C5"
"26514","Manufacture of non-electronic industrial process control equipment","C5"
"26520","Manufacture of watches and clocks","C5"
"26600","Manufacture of irradiation, electromedical and electrotherapeutic equipment","C5"
"26701","Manufacture of optical precision instruments","C5"
"26702","Manufacture of photographic and cinematographic equipment","C5"
"26800","Manufacture of magnetic and optical media","C5"
"27110","Manufacture of electric motors, generators and transformers","C5"
"27120","Manufacture of electricity distribution and control apparatus","C5"
"27200","Manufacture of batteries and accumulators","C5"
"27310","Manufacture of fibre optic cables","C5"
"27320","Manufacture of other electronic and electric wires and cables","C5"
"27330","Manufacture of wiring devices","C5"
"27400","Manufacture of electric lighting equipment","C5"
"27510","Manufacture of electric domestic appliances","C5"
"27520","Manufacture of non-electric domestic appliances","C5"
"27900","Manufacture of other electrical equipment","C5"
"28110","Manufacture of engines and turbines, except aircraft, vehicle and cycle engines","C5"
"28120","Manufacture of fluid power equipment","C5"
"28131","Manufacture of pumps","C5"
"28132","Manufacture of compressors","C5"
"28140","Manufacture of other taps and valves","C5"
"28150","Manufacture of bearings, gears, gearing and driving elements","C5"
"28210","Manufacture of ovens, furnaces and furnace burners","C5"
"28220","Manufacture of lifting and handling equipment","C5"
"28230","Manufacture of office machinery and equipment (except computers and peripheral equipment)","C5"
"28240","Manufacture of power-driven hand tools","C5"
"28250","Manufacture of non-domestic cooling and ventilation equipment","C5"
"28290","Manufacture of other general-purpose machinery n.e.c.","C5"
"28301","Manufacture of agricultural tractors","C5"
"28302","Manufacture of agricultural and forestry machinery (other than agricultural tractors)","C5"
"28410","Manufacture of metal forming machinery","C5"
"28490","Manufacture of other machine tools","C5"
"28910","Manufacture of machinery for metallurgy","C5"
"28921","Manufacture of machinery for mining","C5"
"28922","Manufacture of earthmoving equipment","C5"
"28923","Manufacture of equipment for concrete crushing and screening roadworks","C5"
"28930","Manufacture of machinery for food, beverage and tobacco processing","C5"
"28940","Manufacture of machinery for textile, apparel and leather production","C5"
"28950","Manufacture of machinery for paper and paperboard production","C5"
"28960","Manufacture of plastics and rubber machinery","C5"
"28990","Manufacture of other special-purpose machinery n.e.c.","C5"
"29100","Manufacture of motor vehicles","C5"
"29201","Manufacture of bodies (coachwork) for motor vehicles (except caravans)","C5"
"29202","Manufacture of trailers and semi-trailers","C5"
"29203","Manufacture of caravans","C5"
"29310","Manufacture of electrical and electronic equipment for motor vehicles","C5"
"29320","Manufacture of other parts and accessories for motor vehicles","C5"
"30110","Building of ships and floating structures","C5"
"30120","Building of pleasure and sporting boats","C5"
"30200","Manufacture of railway locomotives and rolling stock","C5"
"30300","Manufacture of air and spacecraft and related machinery","C5"
"30400","Manufacture of military fighting vehicles","C5"
"30910","Manufacture of motorcycles","C5"
"30920","Manufacture of bicycles and invalid carriages","C5"
"30990","Manufacture of other transport equipment n.e.c.","C5"
"31010","Manufacture of office and shop furniture","C6"
"31020","Manufacture of kitchen furniture","C6"
"31030","Manufacture of mattresses","C6"
"31090","Manufacture of other furniture","C6"
"32110","Striking of coins","C6"
"32120","Manufacture of jewellery and related articles","C6"
"32130","Manufacture of imitation jewellery and related articles","C6"
"32200","Manufacture of musical instruments","C6"
"32300","Manufacture of sports goods","C6"
"32401","Manufacture of professional and arcade games and toys","C6"
"32409","Manufacture of games and toys (other than professional and arcade games and toys) n.e.c.","C6"
"32500","Manufacture of medical and dental instruments and supplies","C6"
"32910","Manufacture of brooms and brushes","C6"
"32990","Other manufacturing n.e.c.","C6"
"33110","Repair of fabricated metal products","C5"
"33120","Repair of machinery","C5"
"33130","Repair of electronic and optical equipment","C5"
"33140","Repair of electrical equipment","C5"
"33150","Repair and maintenance of ships and boats","C5"
"33160","Repair and maintenance of aircraft and spacecraft","C5"
"33170","Repair and maintenance of other transport equipment","C5"
"33190","Repair of other equipment","C5"
"33200","Installation of industrial machinery and equipment","C5"
"35110","Production of electricity","D & E"
"35120","Transmission of electricity","D & E"
"35130","Distribution of electricity","D & E"
"35140","Trade of electricity","D & E"
"35210","Manufacture of gas","D & E"
"35220","Distribution of gaseous fuels through mains","D & E"
"35230","Trade of gas through mains","D & E"
"35300","Steam and air conditioning supply","D & E"
"36000","Water collection, treatment and supply","D & E"
"37000","Sewerage","D & E"
"38110","Collection of non-hazardous waste","D & E"
"38120","Collection of hazardous waste","D & E"
"38210","Treatment and disposal of non-hazardous waste","D & E"
"38220","Treatment and disposal of hazardous waste","D & E"
"38310","Dismantling of wrecks","D & E"
"38320","Recovery of sorted materials","D & E"
"39000","Remediation activities and other waste management services","D & E"
"41100","Development of building projects","F"
"41201","Construction of commercial buildings","F"
"41202","Construction of domestic buildings","F"
"42110","Construction of roads and motorways","F"
"42120","Construction of railways and underground railways","F"
"42130","Construction of bridges and tunnels","F"
"42210","Construction of utility projects for fluids","F"
"42220","Construction of utility projects for electricity and telecommunications","F"
"42910","Construction of water projects","F"
"42990","Construction of other civil engineering projects n.e.c.","F"
"43110","Demolition","F"
"43120","Site preparation","F"
"43130","Test drilling and boring","F"
"43210","Electrical installation","F"
"43220","Plumbing, heat and air-conditioning installation","F"
"43290","Other construction installation","F"
"43310","Plastering","F"
"43320","Joinery installation","F"
"43330","Floor and wall covering","F"
"43341","Painting","F"
"43342","Glazing","F"
"43390","Other building completion and finishing","F"
"43910","Roofing activities","F"
"43991","Scaffold erection","F"
"43999","Specialised construction activities (other than scaffold erection) n.e.c.","F"
"45111","Sale of new cars and light motor vehicles","G45 & G47"
"45112","Sale of used cars and light motor vehicles","G45 & G47"
"45190","Sale of other motor vehicles","G45 & G47"
"45200","Maintenance and repair of motor vehicles","G45 & G47"
"45310","Wholesale trade of motor vehicle parts and accessories","G45 & G47"
"45320","Retail trade of motor vehicle parts and accessories","G45 & G47"
"45400","Sale, maintenance and repair of motorcycles and related parts and accessories","G45 & G47"
"46110","Agents involved in the sale of agricultural raw materials, live animals, textile raw materials and semi-finished goods","G46"
"46120","Agents involved in the sale of fuels, ores, metals and industrial chemicals","G46"
"46130","Agents involved in the sale of timber and building materials","G46"
"46140","Agents involved in the sale of machinery, industrial equipment, ships and aircraft","G46"
"46150","Agents involved in the sale of furniture, household goods, hardware and ironmongery","G46"
"46160","Agents involved in the sale of textiles, clothing, fur, footwear and leather goods","G46"
"46170","Agents involved in the sale of food, beverages and tobacco","G46"
"46180","Agents specialised in the sale of other particular products","G46"
"46190","Agents involved in the sale of a variety of goods","G46"
"46210","Wholesale of grain, unmanufactured tobacco, seeds and animal feeds","G46"
"46220","Wholesale of flowers and plants","G46"
"46230","Wholesale of live animals","G46"
"46240","Wholesale of hides, skins and leather","G46"
"46310","Wholesale of fruit and vegetables","G46"
"46320","Wholesale of meat and meat products","G46"
"46330","Wholesale of dairy products, eggs and edible oils and fats","G46"
"46341","Wholesale of fruit and vegetable juices, mineral waters and soft drinks","G46"
"46342","Wholesale of wine, beer, spirits and other alcoholic beverages","G46"
"46350","Wholesale of tobacco products","G46"
"46360","Wholesale of sugar and chocolate and sugar confectionery","G46"
"46370","Wholesale of coffee, tea, cocoa and spices","G46"
"46380","Wholesale of other food, including fish, crustaceans and molluscs","G46"
"46390","Non-specialised wholesale of food, beverages and tobacco","G46"
"46410","Wholesale of textiles","G46"
"46420","Wholesale of clothing and footwear","G46"
"46431","Wholesale of gramophone records, audio tapes, compact discs and video tapes and of the equipment on which these are played","G46"
"46439","Wholesale of radio and television goods and of electrical household appliances (other than of gramophone records, audio tapes, compact discs and video tapes and the equipment on which these are played) n.e.c.","G46"
"46440","Wholesale of china and glassware and cleaning materials","G46"
"46450","Wholesale of perfume and cosmetics","G46"
"46460","Wholesale of pharmaceutical goods","G46"
"46470","Wholesale of furniture, carpets and lighting equipment","G46"
"46480","Wholesale of watches and jewellery","G46"
"46491","Wholesale of musical instruments -","G46"
"46499","Wholesale of household goods (other than musical instruments) n.e.c.","G46"
"46510","Wholesale of computers, computer peripheral equipment and software","G46"
"46520","Wholesale of electronic and telecommunications equipment and parts","G46"
"46610","Wholesale of agricultural machinery, equipment and supplies","G46"
"46620","Wholesale of machine tools","G46"
"46630","Wholesale of mining, construction and civil engineering machinery","G46"
"46640","Wholesale of machinery for the textile industry and of sewing and knitting machines","G46"
"46650","Wholesale of office furniture","G46"
"46660","Wholesale of other office machinery and equipment","G46"
"46690","Wholesale of other machinery and equipment","G46"
"46711","Wholesale of petroleum and petroleum products","G46"
"46719","Wholesale of fuels and related products (other than petroleum and petroleum products)","G46"
"46720","Wholesale of metals and metal ores","G46"
"46730","Wholesale of wood, construction materials and sanitary equipment","G46"
"46740","Wholesale of hardware, plumbing and heating equipment and supplies","G46"
"46750","Wholesale of chemical products","G46"
"46760","Wholesale of other intermediate products","G46"
"46770","Wholesale of waste and scrap","G46"
"46900","Non-specialised wholesale trade","G46"
"47110","Retail sale in non-specialised stores with food, beverages or tobacco predominating","G45 & G47"
"47190","Other retail sale in non-specialised stores","G45 & G47"
"47210","Retail sale of fruit and vegetables in specialised stores","G45 & G47"
"47220","Retail sale of meat and meat products in specialised stores","G45 & G47"
"47230","Retail sale of fish, crustaceans and molluscs in specialised stores","G45 & G47"
"47240","Retail sale of bread, cakes, flour confectionery and sugar confectionery in specialised stores","G45 & G47"
"47250","Retail sale of beverages in specialised stores","G45 & G47"
"47260","Retail sale of tobacco products in specialised stores","G45 & G47"
"47290","Other retail sale of food in specialised stores","G45 & G47"
"47300","Retail sale of automotive fuel in specialised stores","G45 & G47"
"47410","Retail sale of computers, peripheral units and software in specialised stores","G45 & G47"
"47421","Retail sale of mobile telephones in specialised stores","G45 & G47"
"47429","Retail sale of telecommunications equipment (other than mobile telephones) n.e.c., in specialised stores","G45 & G47"
"47430","Retail sale of audio and video equipment in specialised stores","G45 & G47"
"47510","Retail sale of textiles in specialised stores","G45 & G47"
"47520","Retail sale of hardware, paints and glass in specialised stores","G45 & G47"
"47530","Retail sale of carpets, rugs, wall and floor coverings in specialised stores","G45 & G47"
"47540","Retail sale of electrical household appliances in specialised stores","G45 & G47"
"47591","Retail sale of musical instruments and scores in specialised stores","G45 & G47"
"47599","Retail sale of furniture, lighting equipment and other household articles (other than musical instruments) n.e.c., in specialised stores","G45 & G47"
"47610","Retail sale of books in specialised stores","G45 & G47"
"47620","Retail sale of newspapers and stationery in specialised stores","G45 & G47"
"47630","Retail sale of music and video recordings in specialised stores","G45 & G47"
"47640","Retail sale of sporting equipment in specialised stores","G45 & G47"
"47650","Retail sale of games and toys in specialised stores","G45 & G47"
"47710","Retail sale of clothing in specialised stores","G45 & G47"
"47721","Retail sale of footwear in specialised stores","G45 & G47"
"47722","Retail sale of leather goods in specialised stores","G45 & G47"
"47730","Dispensing chemist in specialised stores","G45 & G47"
"47741","Retail sale of hearing aids in specialised stores","G45 & G47"
"47749","Retail sale of medical and orthopaedic goods (other than hearing aids) n.e.c., in specialised stores","G45 & G47"
"47750","Retail sale of cosmetic and toilet articles in specialised stores","G45 & G47"
"47760","Retail sale of flowers, plants, seeds, fertilisers, pet animals and pet food in specialised stores","G45 & G47"
"47770","Retail sale of watches and jewellery in specialised stores","G45 & G47"
"47781","Retail sale in commercial art galleries","G45 & G47"
"47782","Retail sale by opticians","G45 & G47"
"47789","Other retail sale of new goods in specialised stores (other than by opticians or commercial art galleries), n.e.c","G45 & G47"
"47791","Retail sale of antiques including antique books, in stores","G45 & G47"
"47799","Retail sale of second-hand goods (other than antiques and antique books) in stores","G45 & G47"
"47810","Retail sale via stalls and markets of food, beverages and tobacco products","G45 & G47"
"47820","Retail sale via stalls and markets of textiles, clothing and footwear","G45 & G47"
"47890","Retail sale via stalls and markets of other goods","G45 & G47"
"47910","Retail sale via mail order houses or via Internet","G45 & G47"
"47990","Other retail sale not in stores, stalls or markets","G45 & G47"
"49100","Passenger rail transport, interurban","H"
"49200","Freight rail transport","H"
"49311","Urban, suburban or metropolitan area passenger railway transportation by underground, metro and similar systems","H"
"49319","Urban, suburban or metropolitan area passenger land transport other than railway transportation by underground, metro and similar systems","H"
"49320","Taxi operation","H"
"49390","Other passenger land transport n.e.c.","H"
"49410","Freight transport by road","H"
"49420","Removal services","H"
"49500","Transport via pipeline","H"
"50100","Sea and coastal passenger water transport","H"
"50200","Sea and coastal freight water transport","H"
"50300","Inland passenger water transport","H"
"50400","Inland freight water transport","H"
"51101","Scheduled passenger air transport","H"
"51102","Non-scheduled passenger air transport","H"
"51210","Freight air transport","H"
"51220","Space transport","H"
"52101","Operation of warehousing and storage facilities for water transport activities of division 50","H"
"52102","Operation of warehousing and storage facilities for air transport activities of division 51","H"
"52103","Operation of warehousing and storage facilities for land transport activities of division 49","H"
"52211","Operation of rail freight terminals","H"
"52212","Operation of rail passenger facilities at railway stations","H"
"52213","Operation of bus and coach passenger facilities at bus and coach stations","H"
"52219","Other service activities incidental to land transportation, n.e.c. (not including operation of rail freight terminals, passenger facilities at railway stations or passenger facilities at bus and coach stations)","H"
"52220","Service activities incidental to water transportation","H"
"52230","Service activities incidental to air transportation","H"
"52241","Cargo handling for water transport activities of division 50","H"
"52242","Cargo handling for air transport activities of division 51","H"
"52243","Cargo handling for land transport activities of division 49","H"
"52290","Other transportation support activities","H"
"53100","Postal activities under universal service obligation","H"
"53201","Licensed Carriers","H"
"53202","Unlicensed Carriers","H"
"55100","Hotels and similar accommodation","I"
"55201","Holiday centres and villages","I"
"55202","Youth hostels","I"
"55209","Other holiday and other short stay accommodation (not including holiday centres and villages or youth hostels) n.e.c.","I"
"55300","Camping grounds, recreational vehicle parks and trailer parks","I"
"55900","Other accommodation","I"
"56101","Licensed restaurants","I"
"56102","Unlicensed restaurants and cafes","I"
"56103","Take away food shops and mobile food stands","I"
"56210","Event catering activities","I"
"56290","Other food service activities","I"
"56301","Licensed clubs","I"
"56302","Public houses and bars","I"
"58110","Book publishing","J"
"58120","Publishing of directories and mailing lists","J"
"58130","Publishing of newspapers","J"
"58141","Publishing of learned journals","J"
"58142","Publishing of consumer, business and professional journals and periodicals","J"
"58190","Other publishing activities","J"
"58210","Publishing of computer games","J"
"58290","Other software publishing","J"
"59111","Motion picture production activities","J"
"59112","Video production activities","J"
"59113","Television programme production activities","J"
"59120","Motion picture, video and television programme post-production activities","J"
"59131","Motion picture distribution activities","J"
"59132","Video distribution activities","J"
"59133","Television programme distribution activities","J"
"59140","Motion picture projection activities","J"
"59200","Sound recording and music publishing activities","J"
"60100","Radio broadcasting","J"
"60200","Television programming and broadcasting activities","J"
"61100","Wired telecommunications activities","J"
"61200","Wireless telecommunications activities","J"
"61300","Satellite telecommunications activities","J"
"61900","Other telecommunications activities","J"
"62011","Ready-made interactive leisure and entertainment software development","J"
"62012","Business and domestic software development","J"
"62020","Computer consultancy activities","J"
"62030","Computer facilities management activities","J"
"62090","Other information technology and computer service activities","J"
"63110","Data processing, hosting and related activities","J"
"63120","Web portals","J"
"63910","News agency activities","J"
"63990","Other information service activities n.e.c.","J"
"64110","Central banking","K"
"64191","Banks","K"
"64192","Building societies","K"
"64201","Activities of agricultural holding companies","K"
"64202","Activities of production holding companies","K"
"64203","Activities of construction holding companies","K"
"64204","Activities of distribution holding companies","K"
"64205","Activities of financial services holding companies","K"
"64209","Activities of other holding companies (not including agricultural, production, construction, distribution and financial services holding companies) n.e.c.","K"
"64301","Activities of investment trusts","K"
"64302","Activities of unit trusts","K"
"64303","Activities of venture and development capital companies","K"
"64304","Activities of open-ended investment companies","K"
"64305","Activities of property unit trusts","K"
"64306","Activities of real estate investment trusts","K"
"64910","Financial leasing","K"
"64921","Credit granting by non-deposit taking finance houses and other specialist consumer credit grantors","K"
"64922","Activities of mortgage finance companies","K"
"64929","Other credit granting (not including credit granting by non-deposit taking finance houses and other specialist consumer credit grantors and activities of mortgage finance companies) n.e.c.","K"
"64991","Security dealing on own account","K"
"64992","Factoring","K"
"64999","Other financial service activities, except insurance and pension funding, (not including security dealing on own account and factoring) n.e.c.","K"
"65110","Life insurance","K"
"65120","Non-life insurance","K"
"65201","Life reinsurance","K"
"65202","Non-life reinsurance","K"
"65300","Pension funding","K"
"66110","Administration of financial markets","K"
"66120","Security and commodity contracts brokerage","K"
"66190","Other activities auxiliary to financial services, except insurance and pension funding","K"
"66210","Risk and damage evaluation","K"
"66220","Activities of insurance agents and brokers","K"
"66290","Other activities auxiliary to insurance and pension funding","K"
"66300","Fund management activities","K"
"68100","Buying and selling of own real estate","L"
"68201","Renting and operating of Housing Association real estate","L"
"68202","Letting and operating of conference and exhibition centres","L"
"68209","Letting and operating of own or leased real estate (other than Housing Association real estate and conference and exhibition services) n.e.c.","L"
"68310","Real estate agencies","L"
"68320","Management of real estate on a fee or contract basis","L"
"69101","Barristers at law","M"
"69102","Solicitors","M"
"69109","Activities of patent and copyright agents; other legal activities (other than those of barristers and solicitors) n.e.c.","M"
"69201","Accounting, and auditing activities","M"
"69202","Bookkeeping activities","M"
"69203","Tax consultancy","M"
"70100","Activities of head offices","M"
"70210","Public relations and communication activities","M"
"70221","Financial management","M"
"70229","Management consultancy activities (other than financial management)","M"
"71111","Architectural activities","M"
"71112","Urban planning and landscape architectural activities","M"
"71121","Engineering design activities for industrial process and production","M"
"71122","Engineering related scientific and technical consulting activities","M"
"71129","Other engineering activities (not including engineering design for industrial process and production or engineering related scientific and technical consulting activities)","M"
"71200","Technical testing and analysis","M"
"72110","Research and experimental development on biotechnology","M"
"72190","Other research and experimental development on natural sciences and engineering","M"
"72200","Research and experimental development on social sciences and humanities","M"
"73110","Advertising agencies","M"
"73120","Media representation","M"
"73200","Market research and public opinion polling","M"
"74100","Specialised design activities","M"
"74201","Portrait photographic activities","M"
"74202","Other specialist photography (not including portrait photography)","M"
"74203","Film processing","M"
"74209","Other photographic activities (not including portrait and other specialist photography and film processing) n.e.c.","M"
"74300","Translation and interpretation activities","M"
"74901","Environmental consulting activities","M"
"74902","Quantity surveying activities","M"
"74909","Other professional, scientific and technical activities (not including environmental consultancy or quantity surveying) n.e.c.","M"
"75000","Veterinary activities","M"
"77110","Renting and leasing of cars and light motor vehicles","N"
"77120","Renting and leasing of trucks","N"
"77210","Renting and leasing of recreational and sports goods","N"
"77220","Renting of video tapes and disks","N"
"77291","Renting and leasing of media entertainment equipment","N"
"77299","Renting and leasing of other personal and household goods (other than media entertainment equipment)","N"
"77310","Renting and leasing of agricultural machinery and equipment","N"
"77320","Renting and leasing of construction and civil engineering machinery and equipment","N"
"77330","Renting and leasing of office machinery and equipment (including computers)","N"
"77341","Renting and leasing of passenger water transport equipment","N"
"77342","Renting and leasing of freight water transport equipment","N"
"77351","Renting and leasing of passenger air transport equipment","N"
"77352","Renting and leasing of freight air transport equipment","N"
"77390","Renting and leasing of other machinery, equipment and tangible goods n.e.c.","N"
"77400","Leasing of intellectual property and similar products, except copyrighted works","N"
"78101","Motion picture, television and other theatrical casting","N"
"78109","Activities of employment placement agencies (other than motion picture, television and other theatrical casting) n.e.c.","N"
"78200","Temporary employment agency activities","N"
"78300","Other human resources provision","N"
"79110","Travel agency activities","N"
"79120","Tour operator activities","N"
"79901","Activities of tourist guides","N"
"79909","Other reservation service and related activities (not including activities of tourist guides)","N"
"80100","Private security activities","N"
"80200","Security systems service activities","N"
"80300","Investigation activities","N"
"81100","Combined facilities support activities","N"
"81210","General cleaning of buildings","N"
"81221","Window cleaning services","N"
"81222","Specialised cleaning services","N"
"81223","Furnace and chimney cleaning services","N"
"81229","Building and industrial cleaning activities (other than window cleaning, specialised cleaning and furnace and chimney cleaning services) n.e.c.","N"
"81291","Disinfecting and extermination services","N"
"81299","Cleaning services (other than disinfecting and extermination services) n.e.c.","N"
"81300","Landscape service activities","N"
"82110","Combined office administrative service activities","N"
"82190","Photocopying, document preparation and other specialised office support activities","N"
"82200","Activities of call centres","N"
"82301","Activities of exhibition and fair organizers","N"
"82302","Activities of conference organizers","N"
"82911","Activities of collection agencies","N"
"82912","Activities of credit bureaus","N"
"82920","Packaging activities","N"
"82990","Other business support service activities n.e.c.","N"
"84110","General public administration activities","O"
"84120","Regulation of the activities of providing health care, education, cultural services and other social services, excluding social security","O"
"84130","Regulation of and contribution to more efficient operation of businesses","O"
"84210","Foreign affairs","O"
"84220","Defence activities","O"
"84230","Justice and judicial activities","O"
"84240","Public order and safety activities","O"
"84250","Fire service activities","O"
"84300","Compulsory social security activities","O"
"85100","Pre-primary education","P"
"85200","Primary education","P"
"85310","General secondary education","P"
"85320","Technical and vocational secondary education","P"
"85410","Post-secondary non-tertiary education","P"
"85421","First-degree level higher education","P"
"85422","Post-graduate level higher education","P"
"85510","Sports and recreation education","P"
"85520","Cultural education","P"
"85530","Driving school activities","P"
"85590","Other education n.e.c.","P"
"85600","Educational support activities","P"
"86101","Hospital activities","Q"
"86102","Medical nursing home activities","Q"
"86210","General medical practice activities","Q"
"86220","Specialist medical practice activities","Q"
"86230","Dental practice activities","Q"
"86900","Other human health activities","Q"
"87100","Residential nursing care activities","Q"
"87200","Residential care activities for learning disabilities, mental health and substance abuse","Q"
"87300","Residential care activities for the elderly and disabled","Q"
"87900","Other residential care activities","Q"
"88100","Social work activities without accommodation for the elderly and disabled","Q"
"88910","Child day-care activities","Q"
"88990","Other social work activities without accommodation n.e.c.","Q"
"90010","Performing arts","R"
"90020","Support activities to performing arts","R"
"90030","Artistic creation","R"
"90040","Operation of arts facilities","R"
"91011","Library activities","R"
"91012","Archive activities","R"
"91020","Museum activities","R"
"91030","Operation of historical sites and buildings and similar visitor attractions","R"
"91040","Botanical and zoological gardens and nature reserve activities","R"
"92000","Gambling and betting activities","R"
"93110","Operation of sports facilities","R"
"93120","Activities of sport clubs","R"
"93130","Fitness facilities","R"
"93191","Activities of racehorse owners","R"
"93199","Other sports activities (not including activities of racehorse owners) n.e.c.","R"
"93210","Activities of amusement parks and theme parks","R"
"93290","Other amusement and recreation activities","R"
"94110","Activities of business and employers membership organisations","S"
"94120","Activities of professional membership organisations","S"
"94200","Activities of trade unions","S"
"94910","Activities of religious organisations","S"
"94920","Activities of political organisations","S"
"94990","Activities of other membership organisations n.e.c.","S"
"95110","Repair of computers and peripheral equipment","S"
"95120","Repair of communication equipment","S"
"95210","Repair of consumer electronics","S"
"95220","Repair of household appliances and home and garden equipment","S"
"95230","Repair of footwear and leather goods","S"
"95240","Repair of furniture and home furnishings","S"
"95250","Repair of watches, clocks and jewellery","S"
"95290","Repair of other personal and household goods","S"
"96010","Washing and (dry-)cleaning of textile and fur products","S"
"96020","Hairdressing and other beauty treatment","S"
"96030","Funeral and related activities","S"
"96040","Physical well-being activities","S"
"96090","Other personal service activities n.e.c.","S"
"97000","Activities of households as employers of domestic personnel","U"
"98100","Undifferentiated goods-producing activities of private households for own use","U"
"98200","Undifferentiated service-producing activities of private households for own use","U"
"99000","Activities of extraterritorial organisations and bodies","U"
