Description,Code,(thousand),Median,change,Mean,change,Code,CodePref
ALL EMPLOYEES,,13257,499.4,2.2,612,2.5,0000,00000
All Industries and Services,,13252,499.5,2.2,612,2.5,0000,00000
All Index of Production Industries,,2176,525,1.5,617.2,0.9,0000,00000
All Manufacturing,,1891,513.1,2,605.3,1.1,0000,00000
All Service Industries,,10237,489.1,2.1,611,2.8,0000,00000
"AGRICULTURE, FORESTRY AND FISHING ",A,93,378.4,1.8,439,4.5,A000,0A000
"Crop and animal production, hunting and related service activities ",1,82,369.3,1.4,408.6,3.2,1000,01000
Growing of non-perennial crops ,11,35,361.3,3.3,410.5,2.7,1100,01100
"Growing of cereals (except rice), leguminous crops and oil seeds ",111,17,380.6,3.6,414.3,0,1110,01110
Growing of rice ,112,:,,,,,1120,01120
"Growing of vegetables and melons, roots and tubers ",113,14,354.3,5.9,426.9,7.5,1130,01130
Growing of sugar cane ,114,:,,,,,1140,01140
Growing of tobacco ,115,:,,,,,1150,01150
Growing of fibre crops ,116,x,x,,430,,1160,01160
Growing of other non-perennial crops ,119,x,323.2,1.4,342.4,-1,1190,01190
Growing of perennial crops ,12,x,347.9,-11.8,432.8,-7.3,1200,01200
Growing of grapes  ,121,:,,,,,1210,01210
Growing of tropical and subtropical fruits ,122,:,,,,,1220,01220
Growing of citrus fruits ,123,:,,,,,1230,01230
Growing of pome fruits and stone fruits ,124,x,345.6,-11.6,431.3,-9.5,1240,01240
Growing of other tree and bush fruits and nuts ,125,..,,,,,1250,01250
Growing of oleaginous fruits ,126,:,,,,,1260,01260
Growing of beverage crops  ,127,:,,,,,1270,01270
"Growing of spices, aromatic, drug and pharmaceutical crops ",128,:,,,,,1280,01280
Growing of other perennial crops ,129,:,,,,,1290,01290
Plant propagation ,13,x,x,,398.2,-2.7,1300,01300
Plant propagation ,130,x,x,,398.2,-2.7,1300,01300
Animal production ,14,28,382.9,2.4,407,3.5,1400,01400
Raising of dairy cattle  ,141,5,394.6,4.4,392.2,4.8,1410,01410
Raising of other cattle and buffaloes ,142,x,367.4,,431.6,18.6,1420,01420
Raising of horses and other equines ,143,x,x,,458.7,-0.3,1430,01430
Raising of camels and camelids ,144,:,,,,,1440,01440
Raising of sheep and goats ,145,5,366.9,1.2,393.9,4.5,1450,01450
Raising of swine/pigs,146,x,353.4,0.1,416.6,4.3,1460,01460
Raising of poultry ,147,10,397.7,-1.2,411.3,2.2,1470,01470
Raising of other animals  ,149,x,x,,324.1,-11.4,1490,01490
Mixed farming ,15,10,353.1,-1.5,365.4,2.9,1500,01500
Mixed farming ,150,10,353.1,-1.5,365.4,2.9,1500,01500
Support activities to agriculture and post-harvest crop activities ,16,5,423.9,4.8,474.4,11.3,1600,01600
Support activities for crop production ,161,x,427.6,,495.9,8.9,1610,01610
Support activities for animal production,162,x,412.1,3.3,421.5,7.4,1620,01620
Post-harvest crop activities ,163,:,,,,,1630,01630
Seed processing for propagation ,164,:,,,,,1640,01640
"Hunting, trapping and related service activities ",17,..,,,,,1700,01700
"Hunting, trapping and related service activities ",170,..,,,,,1700,01700
Forestry and logging ,2,7,467.4,0.7,653.1,14.4,2000,02000
Silviculture and other forestry activities ,21,6,x,,699.5,13.2,2100,02100
Silviculture and other forestry activities ,210,6,x,,699.5,13.2,2100,02100
Logging ,22,x,x,,442.9,1.2,2200,02200
Logging ,220,x,x,,442.9,1.2,2200,02200
Gathering of wild growing non-wood products ,23,:,,,,,2300,02300
Gathering of wild growing non-wood products ,230,:,,,,,2300,02300
Support services to forestry,24,..,,,,,2400,02400
Support services to forestry ,240,..,,,,,2400,02400
Fishing and aquaculture ,3,x,x,,x,,3000,03000
Fishing ,31,x,x,,301.9,,3100,03100
Marine fishing ,311,x,x,,301.9,,3110,03110
Freshwater fishing ,312,:,,,,,3120,03120
Aquaculture ,32,x,x,,x,,3200,03200
Marine aquaculture ,321,x,x,,x,,3210,03210
Freshwater aquaculture ,322,x,x,,641.3,,3220,03220
MINING AND QUARRYING ,B,34,653.3,5,815.4,1.5,B000,0B000
Mining of coal and lignite ,5,x,501.9,,566.5,,5000,05000
Mining of hard coal ,51,x,501.9,,566.5,,5100,05100
Mining of hard coal,510,x,501.9,,566.5,,5100,05100
Mining of lignite ,52,:,,,,,5200,05200
Mining of lignite ,520,:,,,,,5200,05200
Extraction of crude petroleum and natural gas ,6,x,x,,1623.7,-6.1,6000,06000
Extraction of crude petroleum ,61,x,x,,1623.7,-6.1,6100,06100
Extraction of crude petroleum ,610,x,x,,1623.7,-6.1,6100,06100
Extraction of natural gas ,62,:,,,,,6200,06200
Extraction of natural gas ,620,:,,,,,6200,06200
Mining of metal ores ,7,..,,,,,7000,07000
Mining of iron ores ,71,:,,,,,7100,07100
Mining of iron ores ,710,:,,,,,7100,07100
Mining of non-ferrous metal ores ,72,..,,,,,7200,07200
Mining of uranium and thorium ores ,721,:,,,,,7210,07210
Mining of other non-ferrous metal ores ,729,..,,,,,7290,07290
Other mining and quarrying ,8,20,538.5,-2.8,629.3,0.5,8000,08000
"Quarrying of stone, sand and clay ",81,18,542,-1.6,631.2,0.5,8100,08100
"Quarrying of ornamental and building stone, limestone, gypsum, chalk and slate ",811,12,573.6,2.3,665.1,0.8,8110,08110
Operation of gravel and sand pits; mining of clays and kaolin ,812,7,477.3,-0.5,570.4,2,8120,08120
Mining and quarrying n.e.c. ,89,x,523,-5.5,609.2,-0.6,8900,08900
Mining of chemical and fertiliser minerals,891,x,526.5,-6.1,584.8,-2.7,8910,08910
Extraction of peat ,892,:,,,,,8920,08920
Extraction of salt ,893,..,,,,,8930,08930
Other mining and quarrying n.e.c. ,899,..,,,,,8990,08990
Mining support service activities ,9,9,833,13,955.8,7.1,9000,09000
Support activities for petroleum and natural gas extraction ,91,9,833,13,955.8,7.1,9100,09100
Support activities for petroleum and natural gas extraction ,910,9,833,13,955.8,7.1,9100,09100
Support activities for other mining and quarrying,99,:,,,,,9900,09900
Support activities for other mining and quarrying ,990,:,,,,,9900,09900
MANUFACTURING ,C,1891,513.1,2,605.3,1.1,C000,0C000
Manufacture of food products ,10,262,412.2,4.4,516.8,3,1000,01000
Processing and preserving of meat and production of meat products ,101,57,335.2,4.5,431.1,0.3,1010,01010
Processing and preserving of meat ,1011,14,344.5,8.1,449.5,6.2,1011,01011
Processing and preserving of poultry meat ,1012,22,332.2,3.1,419.8,1.6,1012,01012
Production of meat and poultry meat products  ,1013,22,334.8,4.8,430.1,-5.7,1013,01013
"Processing and preserving of fish, crustaceans and molluscs ",102,9,354.1,-4.8,454.6,2.5,1020,01020
"Processing and preserving of fish, crustaceans and molluscs ",1020,9,354.1,-4.8,454.6,2.5,1020,01020
Processing and preserving of fruit and vegetables ,103,25,477.6,4.1,582.6,-3.7,1030,01030
Processing and preserving of potatoes ,1031,8,523.2,-7.6,611,-15.9,1031,01031
Manufacture of fruit and vegetable juice ,1032,x,566.7,7.3,552.6,5.8,1032,01032
Other processing and preserving of fruit and vegetables  ,1039,15,383.2,-0.7,569.8,4.1,1039,01039
Manufacture of vegetable and animal oils and fats ,104,x,800.4,33.4,752.9,23.5,1040,01040
Manufacture of oils and fats ,1041,x,800.4,33.4,752.9,23.5,1041,01041
Manufacture of margarine and similar edible fats  ,1042,:,,,,,1042,01042
Manufacture of dairy products ,105,22,422.7,1.4,479.7,0.5,1050,01050
Operation of dairies and cheese making ,1051,19,425.7,3.3,481.3,1.6,1051,01051
Manufacture of ice cream ,1052,x,x,,469.4,-11,1052,01052
"Manufacture of grain mill products, starches and starch products ",106,7,597,2.9,674.4,3.5,1060,01060
Manufacture of grain mill products ,1061,5,541.9,-3.1,643.7,-3.5,1061,01061
Manufacture of starches and starch products ,1062,x,691.6,14.6,778.7,35.7,1062,01062
Manufacture of bakery and farinaceous products ,107,60,453.4,12.4,530.2,8.6,1070,01070
Manufacture of bread; manufacture of fresh pastry goods and cakes ,1071,47,461.1,14,532.7,10.9,1071,01071
Manufacture of rusks and biscuits; manufacture of preserved pastry goods and cakes ,1072,13,431.3,9,525.4,0.6,1072,01072
"Manufacture of macaroni, noodles, couscous and similar farinaceous products",1073,x,329.2,1.2,352.4,2.4,1073,01073
Manufacture of other food products ,108,70,431.8,2.7,544.8,3.8,1080,01080
Manufacture of sugar,1081,x,x,,930.5,14.5,1081,01081
"Manufacture of cocoa, chocolate and sugar confectionery",1082,17,566.7,4.6,700.2,7.7,1082,01082
Processing of tea and coffee ,1083,x,x,,594.6,16.1,1083,01083
Manufacture of condiments and seasonings ,1084,4,368.4,-0.6,457,-15.8,1084,01084
Manufacture of prepared meals and dishes ,1085,27,379.5,6,478.4,-0.1,1085,01085
Manufacture of homogenised food preparations and dietetic food ,1086,..,,,,,1086,01086
Manufacture of other food products n.e.c. ,1089,18,372.6,3,467.4,8.8,1089,01089
Manufacture of prepared animal feeds ,109,11,551.3,-0.2,577.6,-2.6,1090,01090
Manufacture of prepared feeds for farm animals ,1091,7,527,-6.9,570.1,-8,1091,01091
Manufacture of prepared pet foods ,1092,x,578.7,33.1,593.6,15.9,1092,01092
Manufacture of beverages ,11,32,613.4,-1.4,725.4,-2.1,1100,01100
Manufacture of beverages ,110,32,613.4,-1.4,725.4,-2.1,1100,01100
"Distilling, rectifying and blending of spirits",1101,10,631,0.4,818.7,-2.4,1101,01101
Manufacture of wine from grape  ,1102,..,,,,,1102,01102
Manufacture of cider and other fruit wines ,1103,x,x,,x,,1103,01103
Manufacture of other non-distilled fermented beverages ,1104,:,,,,,1104,01104
Manufacture of beer ,1105,8,518,-4.9,624.9,-0.8,1105,01105
Manufacture of malt ,1106,x,x,,x,,1106,01106
Manufacture of soft drinks; production of mineral waters and other bottled waters ,1107,11,687.7,4.8,724.1,-1.7,1107,01107
Manufacture of tobacco products ,12,:,,,,,1200,01200
Manufacture of tobacco products ,120,:,,,,,1200,01200
Manufacture of tobacco products ,1200,:,,,,,1200,01200
Manufacture of textiles ,13,29,393.6,-0.3,497,-3.8,1300,01300
Preparation and spinning of textile fibres ,131,x,372.6,1.4,429.5,2.8,1310,01310
Preparation and spinning of textile fibres ,1310,x,372.6,1.4,429.5,2.8,1310,01310
Weaving of textiles ,132,x,384.1,13.9,463.6,0.4,1320,01320
Weaving of textiles  ,1320,x,384.1,13.9,463.6,0.4,1320,01320
Finishing of textiles ,133,x,x,,402.4,-30.1,1330,01330
Finishing of textiles ,1330,x,x,,402.4,-30.1,1330,01330
Manufacture of other textiles ,139,21,402.3,-0.6,517.5,-0.6,1390,01390
Manufacture of knitted and crocheted fabrics  ,1391,x,x,,558.1,2,1391,01391
"Manufacture of made-up textile articles, except apparel",1392,12,370.6,-4.1,455.3,0.2,1392,01392
Manufacture of carpets and rugs,1393,4,464.5,-2.1,x,,1393,01393
"Manufacture of cordage, rope, twine and netting",1394,x,306.3,,350.5,,1394,01394
"Manufacture of non-wovens and articles made from non-wovens, except apparel",1395,..,,,,,1395,01395
Manufacture of other technical and industrial textiles,1396,x,x,,456.9,-4.4,1396,01396
Manufacture of other textiles n.e.c.,1399,x,490.7,-26.5,566.8,-5.1,1399,01399
Manufacture of wearing apparel ,14,5,x,,522.2,9.8,1400,01400
"Manufacture of wearing apparel, except fur apparel ",141,x,x,,x,,1410,01410
Manufacture of leather clothes  ,1411,..,,,,,1411,01411
Manufacture of workwear ,1412,x,x,,x,,1412,01412
Manufacture of other outerwear,1413,x,x,,x,,1413,01413
Manufacture of underwear ,1414,..,,,,,1414,01414
Manufacture of other wearing apparel and accessories ,1419,x,x,,228.8,,1419,01419
Manufacture of articles of fur ,142,:,,,,,1420,01420
Manufacture of articles of fur ,1420,:,,,,,1420,01420
Manufacture of knitted and crocheted apparel ,143,x,x,,x,,1430,01430
Manufacture of knitted and crocheted hosiery ,1431,x,295,,325.5,17.7,1431,01431
Manufacture of other knitted and crocheted apparel,1439,x,x,,x,,1439,01439
Manufacture of leather and related products ,15,5,393.9,-0.4,423,-3.7,1500,01500
"Tanning and dressing of leather; manufacture of luggage, handbags, saddlery and harness; dressing and dyeing of fur ",151,x,x,,441.6,-8.4,1510,01510
Tanning and dressing of leather; dressing and dyeing of fur ,1511,x,x,,432.9,,1511,01511
"Manufacture of luggage, handbags and the like, saddlery and harness ",1512,x,x,,446,-13.3,1512,01512
Manufacture of footwear ,152,x,395.9,1.9,401.3,-1.3,1520,01520
Manufacture of footwear ,1520,x,395.9,1.9,401.3,-1.3,1520,01520
"Manufacture of wood and of products of wood and cork, except furniture; manufacture of articles of straw and plaiting materials ",16,47,404.5,-3.3,460.6,-2.4,1600,01600
Sawmilling and planing of wood ,161,5,390.9,-6.7,451.9,-14.1,1610,01610
Sawmilling and planing of wood ,1610,5,390.9,-6.7,451.9,-14.1,1610,01610
"Manufacture of products of wood, cork, straw and plaiting materials ",162,42,406.1,-2.3,461.6,-0.8,1620,01620
Manufacture of veneer sheets and wood-based panels,1621,x,461,14.9,526.5,10.7,1621,01621
Manufacture of assembled parquet floors ,1622,:,,,,,1622,01622
Manufacture of other builders' carpentry and joinery ,1623,30,399.8,-7.9,450.3,-2.6,1623,01623
Manufacture of wooden containers  ,1624,x,389.1,4.1,530.1,11.7,1624,01624
"Manufacture of other products of wood; manufacture of articles of cork, straw and plaiting materials ",1629,x,327.3,-9.1,386.2,-17,1629,01629
Manufacture of paper and paper products ,17,47,526.7,2.7,648,5.3,1700,01700
"Manufacture of pulp, paper and paperboard ",171,6,584.1,2,631.5,-0.5,1710,01710
Manufacture of pulp  ,1711,:,,,,,1711,01711
Manufacture of paper and paperboard ,1712,6,584.1,2,631.5,-0.5,1712,01712
Manufacture of articles of paper and paperboard ,172,42,507.8,1.1,650.3,6.1,1720,01720
Manufacture of corrugated paper and paperboard and of containers of paper and paperboard,1721,23,512.4,1.8,672.9,11.4,1721,01721
Manufacture of household and sanitary goods and of toilet requisites ,1722,6,605.5,0.6,731.1,3.6,1722,01722
Manufacture of paper stationery ,1723,x,414.1,1.2,429.5,-9.5,1723,01723
Manufacture of wallpaper ,1724,x,x,,517.1,,1724,01724
Manufacture of other articles of paper and paperboard n.e.c. ,1729,9,487.6,4.7,615.7,3.3,1729,01729
Printing and reproduction of recorded media ,18,66,479.1,4.2,569.1,-1,1800,01800
Printing and service activities related to printing ,181,65,476.4,4.2,566.9,-1.1,1810,01810
Printing of newspapers ,1811,..,,,,,1811,01811
Other printing ,1812,57,477.8,6.2,564.1,0.2,1812,01812
Pre-press and pre-media services,1813,x,484.5,-9.3,661.3,-10.3,1813,01813
Binding and related services  ,1814,x,399.3,6.2,444.5,8.9,1814,01814
Reproduction of recorded media,182,x,x,,778.9,4.4,1820,01820
Reproduction of recorded media,1820,x,x,,778.9,4.4,1820,01820
Manufacture of coke and refined petroleum products ,19,9,881.1,5.5,897.4,-1,1900,01900
Manufacture of coke oven products ,191,:,,,,,1910,01910
Manufacture of coke oven products ,1910,:,,,,,1910,01910
Manufacture of refined petroleum products ,192,9,881.1,5.5,897.4,-1,1920,01920
Manufacture of refined petroleum products ,1920,9,881.1,5.5,897.4,-1,1920,01920
Manufacture of chemicals and chemical products ,20,58,604,2.9,709.3,6.3,2000,02000
"Manufacture of basic chemicals, fertilisers and nitrogen compounds, plastics and synthetic rubber in primary forms ",201,25,641.4,3.6,743.4,7,2010,02010
Manufacture of industrial gases ,2011,x,x,,967,,2011,02011
Manufacture of dyes and pigments ,2012,x,x,,795.8,1.7,2012,02012
Manufacture of other inorganic basic chemicals ,2013,x,x,,892.3,6.4,2013,02013
Manufacture of other organic basic chemicals ,2014,8,644.6,1,770.1,11.5,2014,02014
Manufacture of fertilisers and nitrogen compounds,2015,x,652.6,3.4,679,4.8,2015,02015
Manufacture of plastics in primary forms,2016,6,512.2,0,561.3,2.7,2016,02016
Manufacture of synthetic rubber in primary forms  ,2017,:,,,,,2017,02017
Manufacture of pesticides and other agrochemical products ,202,x,x,,842.9,11.6,2020,02020
Manufacture of pesticides and other agrochemical products ,2020,x,x,,842.9,11.6,2020,02020
"Manufacture of paints, varnishes and similar coatings, printing ink and mastics ",203,10,492.5,6.7,628.6,3,2030,02030
"Manufacture of paints, varnishes and similar coatings, printing ink and mastics ",2030,10,492.5,6.7,628.6,3,2030,02030
"Manufacture of soap and detergents, cleaning and polishing preparations, perfumes and toilet preparations ",204,10,476,7,618,16.3,2040,02040
"Manufacture of soap and detergents, cleaning and polishing preparations ",2041,6,562.6,8,690.7,20.2,2041,02041
Manufacture of perfumes and toilet preparations ,2042,x,424.5,11.8,502.8,6,2042,02042
Manufacture of other chemical products ,205,10,657.5,8.6,794.7,3.1,2050,02050
Manufacture of explosives ,2051,x,x,,x,,2051,02051
Manufacture of glues,2052,x,387.2,,486.2,,2052,02052
Manufacture of essential oils  ,2053,x,x,,x,,2053,02053
Manufacture of other chemical products n.e.c.,2059,7,756.3,5.8,856.9,0.3,2059,02059
Manufacture of man-made fibres ,206,x,x,,413.7,-11.5,2060,02060
Manufacture of man-made fibres ,2060,x,x,,413.7,-11.5,2060,02060
Manufacture of basic pharmaceutical products and pharmaceutical preparations ,21,31,680.1,-1.3,873.1,-10.3,2100,02100
Manufacture of basic pharmaceutical products,211,5,598.3,2.2,707.5,-10.9,2110,02110
Manufacture of basic pharmaceutical products ,2110,5,598.3,2.2,707.5,-10.9,2110,02110
Manufacture of pharmaceutical preparations ,212,26,697.5,-2.6,904.6,-10.4,2120,02120
Manufacture of pharmaceutical preparations  ,2120,26,697.5,-2.6,904.6,-10.4,2120,02120
Manufacture of rubber and plastic products ,22,123,438.2,0.7,538.1,-0.2,2200,02200
Manufacture of rubber products ,221,21,472.5,1.8,547.7,0.5,2210,02210
Manufacture of rubber tyres and tubes; retreading and rebuilding of rubber tyres ,2211,7,500.1,-2.5,549.3,-3.4,2211,02211
Manufacture of other rubber products ,2219,13,460.5,5.8,546.8,2.9,2219,02219
Manufacture of plastics products ,222,102,425,-0.2,536.2,-0.3,2220,02220
"Manufacture of plastic plates, sheets, tubes and profiles ",2221,24,518.8,2.8,573.9,1.7,2221,02221
Manufacture of plastic packing goods  ,2222,16,422.3,-3.7,581.1,-5.6,2222,02222
Manufacture of builders? ware of plastic ,2223,30,363.2,0.4,440.4,0.8,2223,02223
Manufacture of other plastic products ,2229,32,453.9,3.8,573,2,2229,02229
Manufacture of other non-metallic mineral products ,23,68,473.1,-0.4,554.4,3.5,2300,02300
Manufacture of glass and glass products,231,20,477.4,-9.2,579,-0.7,2310,02310
Manufacture of flat glass ,2311,..,,,,,2311,02311
Shaping and processing of flat glass ,2312,11,404.1,2.6,514.5,1.9,2312,02312
Manufacture of hollow glass ,2313,5,650.3,7.7,726.1,7.1,2313,02313
Manufacture of glass fibres ,2314,x,437.5,-17.7,494.6,-8.2,2314,02314
"Manufacture and processing of other glass, including technical glassware ",2319,x,x,,x,,2319,02319
Manufacture of refractory products ,232,x,x,,575.8,4.8,2320,02320
Manufacture of refractory products  ,2320,x,x,,575.8,4.8,2320,02320
Manufacture of clay building materials ,233,x,385.1,10,454.5,14.5,2330,02330
Manufacture of ceramic tiles and flags ,2331,x,327.6,5.3,361.9,2.9,2331,02331
"Manufacture of bricks, tiles and construction products, in baked clay ",2332,x,399.3,13.4,491.2,20.3,2332,02332
Manufacture of other porcelain and ceramic products ,234,5,388.4,5,451.5,3.6,2340,02340
Manufacture of ceramic household and ornamental articles ,2341,x,365.7,,386.7,-5.8,2341,02341
Manufacture of ceramic sanitary fixtures  ,2342,x,558.5,,591.9,7.3,2342,02342
Manufacture of ceramic insulators and insulating fittings  ,2343,..,,,,,2343,02343
Manufacture of other technical ceramic products ,2344,x,404.3,18.5,455.5,12.9,2344,02344
Manufacture of other ceramic products ,2349,..,,,,,2349,02349
"Manufacture of cement, lime and plaster ",235,..,,,,,2350,02350
Manufacture of cement ,2351,:,,,,,2351,02351
Manufacture of lime and plaster ,2352,..,,,,,2352,02352
"Manufacture of articles of concrete, cement and plaster ",236,27,489.2,2.1,589.8,5.8,2360,02360
Manufacture of concrete products for construction purposes ,2361,14,454.2,-4.1,537.1,-1.1,2361,02361
Manufacture of plaster products for construction purposes  ,2362,x,582.6,14.2,637.5,12.8,2362,02362
Manufacture of ready-mixed concrete ,2363,8,561.4,13.5,639.1,12.5,2363,02363
Manufacture of mortars  ,2364,x,x,,x,,2364,02364
Manufacture of fibre cement ,2365,:,,,,,2365,02365
"Manufacture of other articles of concrete, plaster and cement ",2369,x,x,,x,,2369,02369
"Cutting, shaping and finishing of stone ",237,5,428.4,-10.8,457.8,-1.2,2370,02370
"Cutting, shaping and finishing of stone",2370,5,428.4,-10.8,457.8,-1.2,2370,02370
Manufacture of abrasive products and non-metallic mineral products n.e.c. ,239,x,452.2,5.7,539.2,21.1,2390,02390
Production of abrasive products ,2391,x,460.3,2.9,490.2,5.5,2391,02391
Manufacture of other non-metallic mineral products n.e.c.,2399,x,x,,558.8,27,2399,02399
Manufacture of basic metals ,24,61,543.9,1.1,615.9,0.9,2400,02400
Manufacture of basic iron and steel and of ferro-alloys ,241,21,518.5,-3.2,597.8,-4.4,2410,02410
Manufacture of basic iron and steel and of ferro-alloys ,2410,21,518.5,-3.2,597.8,-4.4,2410,02410
"Manufacture of tubes, pipes, hollow profiles and related fittings, of steel ",242,x,468.5,-9.7,544.1,-7.6,2420,02420
"Manufacture of tubes, pipes, hollow profiles and related fittings, of steel ",2420,x,468.5,-9.7,544.1,-7.6,2420,02420
Manufacture of other products of first processing of steel ,243,x,446,-9.7,527,0.9,2430,02430
Cold drawing of bars ,2431,x,348.9,-15.7,410.4,1.8,2431,02431
Cold rolling of narrow strip ,2432,..,,,,,2432,02432
Cold forming or folding ,2433,x,x,,x,,2433,02433
Cold drawing of wire  ,2434,x,593.8,0,602.8,-0.3,2434,02434
Manufacture of basic precious and other non-ferrous metals ,244,22,696.2,3.5,732.7,1.8,2440,02440
Precious metals production ,2441,..,,,,,2441,02441
Aluminium production ,2442,x,467.5,0.1,524.2,8.9,2442,02442
"Lead, zinc and tin production ",2443,x,x,,564.6,-1.5,2443,02443
Copper production ,2444,x,452.1,-0.9,534,9.8,2444,02444
Other non-ferrous metal production ,2445,x,576.8,7.8,594.4,3.4,2445,02445
Processing of nuclear fuel ,2446,13,771.3,0.2,871.1,-0.9,2446,02446
Casting of metals ,245,11,405.1,1.2,466.7,6.5,2450,02450
Casting of iron ,2451,x,x,,487.2,3,2451,02451
Casting of steel ,2452,x,x,,499.8,,2452,02452
Casting of light metals,2453,5,404,1.2,449,4,2453,02453
Casting of other non-ferrous metals ,2454,x,415.3,2.7,456.8,6.3,2454,02454
"Manufacture of fabricated metal products, except machinery and equipment ",25,238,478.4,2.2,555.8,2.8,2500,02500
Manufacture of structural metal products ,251,69,477.3,1.9,587.2,6.6,2510,02510
Manufacture of metal structures and parts of structures ,2511,52,490.4,0.4,610.7,6.2,2511,02511
Manufacture of doors and windows of metal ,2512,17,443,4.1,516.5,6.4,2512,02512
"Manufacture of tanks, reservoirs and containers of metal ",252,9,479.1,0,547.2,1.3,2520,02520
Manufacture of central heating radiators and boilers  ,2521,5,493.9,-14.7,524.9,-7.6,2521,02521
"Manufacture of other tanks, reservoirs and containers of metal ",2529,5,x,,567.6,10.8,2529,02529
"Manufacture of steam generators, except central heating hot water boilers",253,x,x,,592.9,14.6,2530,02530
"Manufacture of steam generators, except central heating hot water boilers ",2530,x,x,,592.9,14.6,2530,02530
Manufacture of weapons and ammunition ,254,15,801.5,16.7,816,7.5,2540,02540
Manufacture of weapons and ammunition  ,2540,15,801.5,16.7,816,7.5,2540,02540
"Forging, pressing, stamping and roll-forming of metal; powder metallurgy ",255,16,449.9,4.6,476.3,6,2550,02550
"Forging, pressing, stamping and roll-forming of metal; powder metallurgy ",2550,16,449.9,4.6,476.3,6,2550,02550
Treatment and coating of metals; machining ,256,73,452.1,2.7,508.4,-0.5,2560,02560
Treatment and coating of metals ,2561,18,396.4,3,488.7,-3.9,2561,02561
Machining ,2562,55,472.7,4.7,514.9,0.6,2562,02562
"Manufacture of cutlery, tools and general hardware ",257,16,454.6,-1,547.8,-2.5,2570,02570
Manufacture of cutlery ,2571,..,,,,,2571,02571
Manufacture of locks and hinges ,2572,6,476.5,,653.1,-2.2,2572,02572
Manufacture of tools ,2573,9,448.9,-3.2,482.4,-3.7,2573,02573
Manufacture of other fabricated metal products ,259,39,460.1,-0.7,522.1,-2.9,2590,02590
Manufacture of steel drums and similar containers  ,2591,x,491.4,31.9,535.7,27.1,2591,02591
Manufacture of light metal packaging ,2592,7,623.1,-0.9,605.4,-13.8,2592,02592
"Manufacture of wire products, chain and springs ",2593,6,456.1,1.1,474.6,-5.8,2593,02593
Manufacture of fasteners and screw machine products ,2594,5,436.5,-5.1,563.5,1.8,2594,02594
Manufacture of other fabricated metal products n.e.c. ,2599,20,431.1,4.1,495.5,2,2599,02599
"Manufacture of computer, electronic and optical products ",26,106,648.7,2.2,705.4,0.1,2600,02600
Manufacture of electronic components and boards,261,16,492.6,-0.5,617.2,2.8,2610,02610
Manufacture of electronic components ,2611,12,525.9,2.3,649.5,3.3,2611,02611
Manufacture of loaded electronic boards ,2612,x,438.8,2.7,534.5,0.9,2612,02612
Manufacture of computers and peripheral equipment ,262,x,596.1,,622.7,10.7,2620,02620
Manufacture of computers and peripheral equipment,2620,x,596.1,,622.7,10.7,2620,02620
Manufacture of communication equipment ,263,11,638.6,-2.3,732.7,-1.6,2630,02630
Manufacture of communication equipment ,2630,11,638.6,-2.3,732.7,-1.6,2630,02630
Manufacture of consumer electronics ,264,x,524.8,,558.8,-4,2640,02640
Manufacture of consumer electronics ,2640,x,524.8,,558.8,-4,2640,02640
"Manufacture of instruments and appliances for measuring, testing and navigation; watches and clocks ",265,64,678.4,1.3,730.6,-1,2650,02650
"Manufacture of instruments and appliances for measuring, testing and navigation ",2651,64,678.4,1.3,730.6,-1,2651,02651
Manufacture of watches and clocks ,2652,:,,,,,2652,02652
"Manufacture of irradiation, electromedical and electrotherapeutic equipment ",266,x,x,,803.3,-4.3,2660,02660
"Manufacture of irradiation, electromedical and electrotherapeutic equipment  ",2660,x,x,,803.3,-4.3,2660,02660
Manufacture of optical instruments and photographic equipment ,267,x,675.6,1.1,703.3,-2.2,2670,02670
Manufacture of optical instruments and photographic equipment ,2670,x,675.6,1.1,703.3,-2.2,2670,02670
Manufacture of magnetic and optical media ,268,..,,,,,2680,02680
Manufacture of magnetic and optical media ,2680,..,,,,,2680,02680
Manufacture of electrical equipment ,27,66,485.3,-4.4,591.4,-3.3,2700,02700
"Manufacture of electric motors, generators, transformers and electricity distribution and control apparatus ",271,23,508.6,-6,622.6,-1.3,2710,02710
"Manufacture of electric motors, generators and transformers ",2711,12,519.8,-6.1,639,-2.4,2711,02711
Manufacture of electricity distribution and control apparatus  ,2712,11,499.5,-5.8,605,-0.1,2712,02712
Manufacture of batteries and accumulators ,272,x,468.2,2.6,530.9,10.3,2720,02720
Manufacture of batteries and accumulators  ,2720,x,468.2,2.6,530.9,10.3,2720,02720
Manufacture of wiring and wiring devices ,273,11,508.4,-1,620.7,-1.9,2730,02730
Manufacture of fibre optic cables  ,2731,x,x,,x,,2731,02731
Manufacture of other electronic and electric wires and cables,2732,7,460.8,-11.2,571.7,-7.1,2732,02732
Manufacture of wiring devices ,2733,x,x,,x,,2733,02733
Manufacture of electric lighting equipment ,274,12,460,3.3,543.1,-6.3,2740,02740
Manufacture of electric lighting equipment ,2740,12,460,3.3,543.1,-6.3,2740,02740
Manufacture of domestic appliances ,275,12,444.4,-1.9,533.8,-3.5,2750,02750
Manufacture of electric domestic appliances,2751,7,439.8,0.7,589.1,-2,2751,02751
Manufacture of non-electric domestic appliances  ,2752,5,445.1,-5.8,459.4,-5.4,2752,02752
Manufacture of other electrical equipment ,279,7,524.6,-6.8,641.6,-5.8,2790,02790
Manufacture of other electrical equipment ,2790,7,524.6,-6.8,641.6,-5.8,2790,02790
Manufacture of machinery and equipment n.e.c. ,28,158,545.7,2.2,628.7,2.1,2800,02800
Manufacture of general purpose machinery ,281,37,546,-0.8,665.1,0.1,2810,02810
"Manufacture of engines and turbines, except aircraft, vehicle and cycle engines  ",2811,9,556.6,-3.8,693.3,-1.6,2811,02811
Manufacture of fluid power equipment ,2812,x,x,,556.7,-5.6,2812,02812
Manufacture of other pumps and compressors,2813,8,566.3,-1.5,634.4,0.5,2813,02813
Manufacture of other taps and valves ,2814,7,529.6,4.2,685,5.1,2814,02814
"Manufacture of bearings, gears, gearing and driving elements",2815,8,558.6,-0.3,713.8,3,2815,02815
Manufacture of other general-purpose machinery ,282,70,544.1,2.1,622.8,4.8,2820,02820
"Manufacture of ovens, furnaces and furnace burners ",2821,x,x,,507.8,-7.1,2821,02821
Manufacture of lifting and handling equipment,2822,17,488,0,555.3,5.9,2822,02822
Manufacture of office machinery and equipment (except computers and peripheral equipment) ,2823,x,577.8,1.1,694.5,2,2823,02823
Manufacture of power-driven hand tools ,2824,:,,,,,2824,02824
Manufacture of non-domestic cooling and ventilation equipment ,2825,28,601.4,4.6,664.4,8.2,2825,02825
Manufacture of other general-purpose machinery n.e.c. ,2829,19,532.7,-0.8,620,3.4,2829,02829
Manufacture of agricultural and forestry machinery ,283,8,486.3,5.3,592.7,4.3,2830,02830
Manufacture of agricultural and forestry machinery ,2830,8,486.3,5.3,592.7,4.3,2830,02830
Manufacture of metal forming machinery and machine tools ,284,7,540.7,0.8,585.6,-2.4,2840,02840
Manufacture of metal forming machinery ,2841,x,526.7,4.4,554.5,-3.1,2841,02841
Manufacture of other machine tools ,2849,x,635.8,-5.3,628.2,-2.2,2849,02849
Manufacture of other special-purpose machinery ,289,35,551.4,1.6,618.9,1,2890,02890
Manufacture of machinery for metallurgy ,2891,x,x,,577,10.7,2891,02891
"Manufacture of machinery for mining, quarrying and construction ",2892,19,564.3,3.8,630.1,0.4,2892,02892
"Manufacture of machinery for food, beverage and tobacco processing ",2893,x,492.9,-2.7,549.1,0.8,2893,02893
"Manufacture of machinery for textile, apparel and leather production ",2894,x,x,,693.3,9.5,2894,02894
Manufacture of machinery for paper and paperboard production ,2895,x,409.2,-0.1,482.3,1.4,2895,02895
Manufacture of plastics and rubber machinery ,2896,x,x,,444.1,,2896,02896
Manufacture of other special-purpose machinery n.e.c.,2899,8,610.7,2.3,666.7,0.3,2899,02899
"Manufacture of motor vehicles, trailers and semi-trailers ",29,165,585.9,4,664.8,2.7,2900,02900
Manufacture of motor vehicles ,291,103,642.3,3.2,750.6,3.3,2910,02910
Manufacture of motor vehicles ,2910,103,642.3,3.2,750.6,3.3,2910,02910
Manufacture of bodies (coachwork) for motor vehicles; manufacture of trailers and semitrailers ,292,16,417,1.7,466.8,1.2,2920,02920
Manufacture of bodies (coachwork) for motor vehicles; manufacture of trailers and semi-trailers ,2920,16,417,1.7,466.8,1.2,2920,02920
Manufacture of parts and accessories for motor vehicles ,293,46,445.2,-2.4,538.6,2.7,2930,02930
Manufacture of electrical and electronic equipment for motor vehicles,2931,x,x,,363.7,,2931,02931
Manufacture of other parts and accessories for motor vehicles ,2932,45,447.8,-1.5,541.4,4.1,2932,02932
Manufacture of other transport equipment ,30,149,673.1,3.6,733.9,0.7,3000,03000
Building of ships and boats ,301,36,577.4,10.7,662.7,-0.6,3010,03010
Building of ships and floating structures ,3011,27,653.4,7.4,693.5,-2.9,3011,03011
Building of pleasure and sporting boats ,3012,9,489.6,2,572.4,2.9,3012,03012
Manufacture of railway locomotives and rolling stock ,302,7,595.3,0.2,674.8,-13.8,3020,03020
Manufacture of railway locomotives and rolling stock ,3020,7,595.3,0.2,674.8,-13.8,3020,03020
Manufacture of air and spacecraft and related machinery ,303,100,741.4,4.9,778.2,3.8,3030,03030
Manufacture of air and spacecraft and related machinery ,3030,100,741.4,4.9,778.2,3.8,3030,03030
Manufacture of military fighting vehicles ,304,x,520,,562,,3040,03040
Manufacture of military fighting vehicles ,3040,x,520,,562,,3040,03040
Manufacture of transport equipment n.e.c.,309,x,432.9,1.6,467.9,-2.8,3090,03090
Manufacture of motorcycles  ,3091,x,x,,531.2,13.8,3091,03091
Manufacture of bicycles and invalid carriages ,3092,x,425.6,-1.4,446.9,-10.5,3092,03092
Manufacture of other transport equipment n.e.c.,3099,..,,,,,3099,03099
Manufacture of furniture ,31,56,391.8,2.7,469.8,0.5,3100,03100
Manufacture of furniture,310,56,391.8,2.7,469.8,0.5,3100,03100
Manufacture of office and shop furniture ,3101,14,421.9,2.3,517.3,3.7,3101,03101
Manufacture of kitchen furniture ,3102,14,378.4,8.5,466.1,-5.2,3102,03102
Manufacture of mattresses ,3103,5,374.6,13.1,533.8,19.7,3103,03103
Manufacture of other furniture,3109,23,372,-6.1,427,-1.6,3109,03109
Other manufacturing ,32,44,459,2.9,546.7,3.2,3200,03200
"Manufacture of jewellery, bijouterie and related articles ",321,x,455.1,,531.6,13.4,3210,03210
Striking of coins ,3211,x,494.6,7.6,524,4.1,3211,03211
Manufacture of jewellery and related articles ,3212,x,x,,535.1,17.9,3212,03212
Manufacture of imitation jewellery and related articles ,3213,:,,,,,3213,03213
Manufacture of musical instruments ,322,x,x,,339.6,-23.2,3220,03220
Manufacture of musical instruments ,3220,x,x,,339.6,-23.2,3220,03220
Manufacture of sports goods ,323,x,376.8,2.4,429.2,-2.4,3230,03230
Manufacture of sports goods ,3230,x,376.8,2.4,429.2,-2.4,3230,03230
Manufacture of games and toys ,324,x,x,,556.9,14,3240,03240
Manufacture of games and toys ,3240,x,x,,556.9,14,3240,03240
Manufacture of medical and dental instruments and supplies ,325,24,476.1,3.8,592.7,4,3250,03250
Manufacture of medical and dental instruments and supplies ,3250,24,476.1,3.8,592.7,4,3250,03250
Other manufacturing ,329,10,467,8.1,500,1.7,3290,03290
Manufacture of brooms and brushes ,3291,x,x,,527.4,17.6,3291,03291
Other manufacturing n.e.c. ,3299,9,433.4,-2.8,496.3,-0.7,3299,03299
Repair and installation of machinery and equipment ,33,65,597.9,5.3,673.6,1.6,3300,03300
"Repair of fabricated metal products, machinery and equipment",331,53,583.3,5,662.4,1.9,3310,03310
Repair of fabricated metal products ,3311,x,x,,533.4,8.4,3311,03311
Repair of machinery ,3312,25,600.1,4.4,670,-0.5,3312,03312
Repair of electronic and optical equipment  ,3313,x,499,-0.6,516.7,-0.9,3313,03313
Repair of electrical equipment ,3314,x,x,,589.4,-3.2,3314,03314
Repair and maintenance of ships and boats ,3315,x,500.4,,628.1,-4.5,3315,03315
Repair and maintenance of aircraft and spacecraft ,3316,6,724.5,9.4,743.9,2.7,3316,03316
Repair and maintenance of transport equipment n.e.c. ,3317,6,763,,775.5,11.9,3317,03317
Repair of other equipment ,3319,x,x,,611.8,30.5,3319,03319
Installation of industrial machinery and equipment,332,13,632,4,719.5,-0.2,3320,03320
Installation of industrial machinery and equipment ,3320,13,632,4,719.5,-0.2,3320,03320
"ELECTRICITY, GAS, STEAM AND AIR CONDITIONING SUPPLY ",D,123,710.7,2.5,797.5,1.6,D000,0D000
"Electricity, gas, steam and air conditioning supply ",35,123,710.7,2.5,797.5,1.6,3500,03500
"Electric power generation, transmission and distribution ",351,83,719.8,1.6,811.4,0,3510,03510
Production of electricity ,3511,23,937.7,4.4,983.1,2.5,3511,03511
Transmission of electricity ,3512,x,x,,x,,3512,03512
Distribution of electricity ,3513,56,678.1,0.2,747.6,-0.6,3513,03513
Trade of electricity ,3514,x,x,,567.1,18.1,3514,03514
Manufacture of gas; distribution of gaseous fuels through mains ,352,41,691,5.3,769.1,4.1,3520,03520
Manufacture of gas ,3521,13,837,-8.4,926.1,-3.9,3521,03521
Distribution of gaseous fuels through mains ,3522,8,647.2,5.3,711.2,3.7,3522,03522
Trade of gas through mains ,3523,19,635.7,9.7,686.8,9.5,3523,03523
Steam and air conditioning supply ,353,:,,,,,3530,03530
Steam and air conditioning supply ,3530,:,,,,,3530,03530
"WATER SUPPLY; SEWERAGE, WASTE MANAGEMENT AND REMEDIATION ACTIVITIES ",E,128,500,-1.5,567.9,-2.2,E000,0E000
"Water collection, treatment and supply ",36,32,579.5,0.6,656.2,1.2,3600,03600
"Water collection, treatment and supply ",360,32,579.5,0.6,656.2,1.2,3600,03600
"Water collection, treatment and supply ",3600,32,579.5,0.6,656.2,1.2,3600,03600
Sewerage ,37,12,530.8,-6.1,591.8,-0.7,3700,03700
Sewerage ,370,12,530.8,-6.1,591.8,-0.7,3700,03700
Sewerage ,3700,12,530.8,-6.1,591.8,-0.7,3700,03700
"Waste collection, treatment and disposal activities; materials recovery ",38,81,452.3,-0.6,529.4,-3.8,3800,03800
Waste collection ,381,49,443.4,-3,530.9,-4.5,3810,03810
Collection of non-hazardous waste ,3811,48,442.7,-2.7,528.6,-4.3,3811,03811
Collection of hazardous waste,3812,x,x,,x,,3812,03812
Waste treatment and disposal ,382,17,519.9,8.5,581.6,-7.2,3820,03820
Treatment and disposal of non-hazardous waste ,3821,9,438.1,4.3,504.4,-13.2,3821,03821
Treatment and disposal of hazardous waste ,3822,8,630,,671.4,-7.1,3822,03822
Materials recovery ,383,15,427,-2.6,468.2,-0.8,3830,03830
Dismantling of wrecks ,3831,..,,,,,3831,03831
Recovery of sorted materials  ,3832,15,427.3,-2.6,470.7,-0.3,3832,03832
Remediation activities and other waste management services ,39,x,x,,550.6,,3900,03900
Remediation activities and other waste management services ,390,x,x,,550.6,,3900,03900
Remediation activities and other waste management services ,3900,x,x,,550.6,,3900,03900
CONSTRUCTION ,F,746,552,3.6,633.1,3.1,F000,0F000
Construction of buildings ,41,222,598.2,6,715.2,3.6,4100,04100
Development of building projects ,411,32,671.4,-1.4,812.5,-1,4110,04110
Development of building projects ,4110,32,671.4,-1.4,812.5,-1,4110,04110
Construction of residential and non-residential buildings ,412,190,589.7,6.8,698.7,4.6,4120,04120
Construction of residential and non-residential buildings  ,4120,190,589.7,6.8,698.7,4.6,4120,04120
Civil engineering ,42,137,587.1,6.3,681.6,3.7,4200,04200
Construction of roads and railways ,421,34,572.4,5.7,629.2,8.6,4210,04210
Construction of roads and motorways ,4211,28,570.5,6.8,629.3,11.4,4211,04211
Construction of railways and underground railways ,4212,x,589.6,,641.9,-8.3,4212,04212
Construction of bridges and tunnels ,4213,x,457.8,,511.1,,4213,04213
Construction of utility projects ,422,12,576.9,9.3,634.9,2.8,4220,04220
Construction of utility projects for fluids ,4221,x,x,,369.2,-26.8,4221,04221
Construction of utility projects for electricity and telecommunications ,4222,11,587.9,6,649.6,-0.8,4222,04222
Construction of other civil engineering projects ,429,91,592.6,5.3,707,2.3,4290,04290
Construction of water projects  ,4291,x,x,,x,,4291,04291
Construction of other civil engineering projects n.e.c. ,4299,90,593.3,5.2,708.4,2.4,4299,04299
Specialised construction activities ,43,387,519.2,1.9,568.9,2.3,4300,04300
Demolition and site preparation ,431,16,488.3,-2.4,552.8,-1.2,4310,04310
Demolition ,4311,5,557.9,15.7,623.3,6.7,4311,04311
Site preparation ,4312,9,451.9,-10.6,522.6,-6.1,4312,04312
Test drilling and boring ,4313,x,431.6,,467.4,-0.3,4313,04313
"Electrical, plumbing and other construction installation activities ",432,191,554.6,1.4,582.9,0.4,4320,04320
Electrical installation ,4321,112,552.4,-0.6,580.1,-1.6,4321,04321
"Plumbing, heat and air-conditioning installation  ",4322,61,555.5,2.8,595.7,2.6,4322,04322
Other construction installation ,4329,19,540.2,10.2,558.1,7.1,4329,04329
Building completion and finishing ,433,103,471.8,2.8,526.8,4.7,4330,04330
Plastering ,4331,6,496.9,8.3,603.2,10.7,4331,04331
Joinery installation ,4332,39,467.4,1.9,515.7,2.2,4332,04332
Floor and wall covering ,4333,9,475.4,5.6,550.9,6.2,4333,04333
Painting and glazing ,4334,26,455.1,3,497.5,4.5,4334,04334
Other building completion and finishing ,4339,22,495.5,3.1,550.8,7.4,4339,04339
Other specialised construction activities n.e.c. ,439,78,517.2,5,593.3,6.6,4390,04390
Roofing activities,4391,18,500,11.2,578.2,22.7,4391,04391
Other specialised construction activities n.e.c.,4399,60,519.3,3,597.9,3.3,4399,04399
WHOLESALE AND RETAIL TRADE; REPAIR OF MOTOR VEHICLES AND MOTORCYCLES ,G,2045,393.3,2.6,482.1,2.7,G000,0G000
Wholesale and retail trade and repair of motor vehicles and motorcycles ,45,384,419.4,2.3,464.8,2.7,4500,04500
Sale of motor vehicles ,451,164,421.6,0.7,488,1.7,4510,04510
Sale of cars and light motor vehicles ,4511,151,421.6,2.3,485,1.2,4511,04511
Sale of other motor vehicles ,4519,13,458.6,-6.4,523.8,8.1,4519,04519
Maintenance and repair of motor vehicles ,452,133,422.7,1,434.2,0.3,4520,04520
Maintenance and repair of motor vehicles  ,4520,133,422.7,1,434.2,0.3,4520,04520
Sale of motor vehicle parts and accessories ,453,79,392.9,1.9,465.8,8.4,4530,04530
Wholesale trade of motor vehicle parts and accessories ,4531,52,407.7,3.2,491.7,6.6,4531,04531
Retail trade of motor vehicle parts and accessories  ,4532,27,365.7,1.8,416,11,4532,04532
"Sale, maintenance and repair of motorcycles and related parts and accessories ",454,8,420.3,0.7,485,11.4,4540,04540
"Sale, maintenance and repair of motorcycles and related parts and accessories ",4540,8,420.3,0.7,485,11.4,4540,04540
"Wholesale trade, except of motor vehicles and motorcycles ",46,715,490.6,2.4,614.4,2.9,4600,04600
Wholesale on a fee or contract basis ,461,24,510.6,1.1,691.8,-0.6,4610,04610
"Agents involved in the sale of agricultural raw materials, live animals, textile raw materials and semi-finished goods",4611,x,x,,375.7,-13.7,4611,04611
"Agents involved in the sale of fuels, ores, metals and industrial chemicals ",4612,x,x,,1103.3,,4612,04612
Agents involved in the sale of timber and building materials ,4613,x,412.8,-1.5,510.9,5,4613,04613
"Agents involved in the sale of machinery, industrial equipment, ships and aircraft ",4614,x,x,,674.7,-19.8,4614,04614
"Agents involved in the sale of furniture, household goods, hardware and ironmongery",4615,..,,,,,4615,04615
"Agents involved in the sale of textiles, clothing, fur, footwear and leather goods ",4616,x,x,,x,,4616,04616
"Agents involved in the sale of food, beverages and tobacco ",4617,x,405.2,,441.6,,4617,04617
Agents specialised in the sale of other particular products ,4618,9,x,,767.5,-5.4,4618,04618
Agents involved in the sale of a variety of goods ,4619,x,x,,x,,4619,04619
Wholesale of agricultural raw materials and live animals ,462,12,451,-2,565.1,6.6,4620,04620
"Wholesale of grain, unmanufactured tobacco, seeds and animal feeds",4621,7,506,-8.1,649,6.9,4621,04621
Wholesale of flowers and plants  ,4622,x,x,,513.4,14.2,4622,04622
Wholesale of live animals ,4623,x,x,,x,,4623,04623
"Wholesale of hides, skins and leather ",4624,x,x,,x,,4624,04624
"Wholesale of food, beverages and tobacco ",463,125,431.5,7.1,524.3,2.5,4630,04630
Wholesale of fruit and vegetables ,4631,18,419.5,4.9,544.6,1,4631,04631
Wholesale of meat and meat products ,4632,14,344.6,-1.7,359.7,-3.9,4632,04632
"Wholesale of dairy products, eggs and edible oils and fats  ",4633,5,369.4,4.1,487.8,,4633,04633
Wholesale of beverages,4634,18,521.1,-2.9,723.9,-2.6,4634,04634
Wholesale of tobacco products ,4635,x,x,,x,,4635,04635
Wholesale of sugar and chocolate and sugar confectionery ,4636,x,457,22.1,495,15.6,4636,04636
"Wholesale of coffee, tea, cocoa and spices",4637,x,485.4,17.9,544.7,18.9,4637,04637
"Wholesale of other food, including fish, crustaceans and molluscs",4638,9,481.1,22.1,539.1,11.6,4638,04638
"Non-specialised wholesale of food, beverages and tobacco ",4639,54,425,6.7,475.3,2.7,4639,04639
Wholesale of household goods ,464,122,523.8,6.2,703.8,5.9,4640,04640
Wholesale of textiles  ,4641,5,439.9,1.6,526,0.1,4641,04641
Wholesale of clothing and footwear,4642,14,511.1,8.1,600.2,5.2,4642,04642
Wholesale of electrical household appliances ,4643,15,616.6,10.3,698.7,1.5,4643,04643
Wholesale of china and glassware and cleaning materials ,4644,x,476.5,11,546.9,17.8,4644,04644
Wholesale of perfume and cosmetics ,4645,8,744.6,,868.5,10.4,4645,04645
Wholesale of pharmaceutical goods ,4646,34,696.2,3.7,866.7,5.8,4646,04646
"Wholesale of furniture, carpets and lighting equipment ",4647,10,586,24.3,691.4,16.3,4647,04647
Wholesale of watches and jewellery ,4648,x,x,,563,-3.1,4648,04648
Wholesale of other household goods ,4649,32,396.5,-2.1,587.4,4.3,4649,04649
Wholesale of information and communication equipment ,465,47,574.9,-15.6,752.6,-10.2,4650,04650
"Wholesale of computers, computer peripheral equipment and software",4651,23,641,-26,847.8,-11.9,4651,04651
Wholesale of electronic and telecommunications equipment and parts ,4652,24,537.1,-9,658.4,-6.8,4652,04652
"Wholesale of other machinery, equipment and supplies ",466,142,545.7,2.6,628,3.5,4660,04660
"Wholesale of agricultural machinery, equipment and supplies ",4661,12,497.8,2.6,512,0.7,4661,04661
Wholesale of machine tools,4662,6,656.6,12.2,666.4,7.6,4662,04662
"Wholesale of mining, construction and civil engineering machinery ",4663,5,555.8,-3.3,631.4,-5.3,4663,04663
Wholesale of machinery for the textile industry and of sewing and knitting machines ,4664,..,,,,,4664,04664
Wholesale of office furniture ,4665,x,681,14.4,786.2,5.4,4665,04665
Wholesale of other office machinery and equipment,4666,17,489.7,0.7,587.3,3.3,4666,04666
Wholesale of other machinery and equipment,4669,98,546.8,2.8,641.9,3.9,4669,04669
Other specialised wholesale ,467,208,470,5.8,569.1,4.9,4670,04670
"Wholesale of solid, liquid and gaseous fuels and related products ",4671,14,586.3,15.7,790.9,45.4,4671,04671
Wholesale of metals and metal ores ,4672,19,430,2.7,537.5,2.3,4672,04672
"Wholesale of wood, construction materials and sanitary equipment  ",4673,113,454.8,3.7,527.5,0.4,4673,04673
"Wholesale of hardware, plumbing and heating equipment and supplies ",4674,36,470.3,2.3,568.8,3.7,4674,04674
Wholesale of chemical products ,4675,9,613,5.9,763,9.9,4675,04675
Wholesale of other intermediate products,4676,10,450.6,-1.9,609.8,-1.7,4676,04676
Wholesale of waste and scrap,4677,5,431.8,8.4,562.9,3.7,4677,04677
Non-specialised wholesale trade,469,36,479.1,6.1,617.9,12.1,4690,04690
Non-specialised wholesale trade ,4690,36,479.1,6.1,617.9,12.1,4690,04690
"Retail trade, except of motor vehicles and motorcycles ",47,946,322.1,5.1,389.3,2.9,4700,04700
Retail sale in non-specialised stores ,471,459,297.2,5.5,351.1,3.4,4710,04710
"Retail sale in non-specialised stores with food, beverages or tobacco predominating ",4711,356,295.8,6.4,348.5,4.5,4711,04711
Other retail sale in non-specialised stores  ,4719,103,300.1,2.3,360.1,-0.5,4719,04719
"Retail sale of food, beverages and tobacco in specialised stores ",472,51,321.6,-0.6,334.9,2.9,4720,04720
Retail sale of fruit and vegetables in specialised stores ,4721,x,262.5,,266.8,15.7,4721,04721
Retail sale of meat and meat products in specialised stores,4722,16,337.6,-4.4,348.5,-1.8,4722,04722
"Retail sale of fish, crustaceans and molluscs in specialised stores ",4723,x,x,,224.2,,4723,04723
"Retail sale of bread, cakes, flour confectionery and sugar confectionery in specialised stores ",4724,15,320,-2,349,3.3,4724,04724
Retail sale of beverages in specialised stores ,4725,5,x,,344.8,,4725,04725
Retail sale of tobacco products in specialised stores ,4726,x,353.5,,332.8,6.4,4726,04726
Other retail sale of food in specialised stores ,4729,7,287.1,-3.7,313.9,-0.7,4729,04729
Retail sale of automotive fuel in specialised stores ,473,20,383.2,,702.1,-9.2,4730,04730
Retail sale of automotive fuel in specialised stores ,4730,20,383.2,,702.1,-9.2,4730,04730
Retail sale of information and communication equipment in specialised stores ,474,14,364.1,5.6,552.6,4.3,4740,04740
"Retail sale of computers, peripheral units and software in specialised stores",4741,7,354.3,13.1,372.5,6.7,4741,04741
Retail sale of telecommunications equipment in specialised stores,4742,5,x,,x,,4742,04742
Retail sale of audio and video equipment in specialised stores ,4743,x,x,,422.6,-2.9,4743,04743
Retail sale of other household equipment in specialised stores ,475,121,356.7,3,397.7,1,4750,04750
Retail sale of textiles in specialised stores ,4751,x,x,,480.5,4.5,4751,04751
"Retail sale of hardware, paints and glass in specialised stores ",4752,51,340,2.5,383.8,2.3,4752,04752
"Retail sale of carpets, rugs, wall and floor coverings in specialised stores ",4753,8,384.6,4.5,432,-0.1,4753,04753
Retail sale of electrical household appliances in specialised stores ,4754,16,335,7.9,364.6,6.7,4754,04754
"Retail sale of furniture, lighting equipment and other household articles in specialised stores ",4759,44,373.7,-2.2,416.3,-4.3,4759,04759
Retail sale of cultural and recreation goods in specialised stores ,476,55,309.2,7.5,343.2,5.6,4760,04760
Retail sale of books in specialised stores ,4761,x,307.8,,315.5,12.8,4761,04761
Retail sale of newspapers and stationery in specialised stores ,4762,11,224.8,-18.7,266.6,-5.2,4762,04762
Retail sale of music and video recordings in specialised stores ,4763,x,x,,399.9,26.3,4763,04763
Retail sale of sporting equipment in specialised stores ,4764,32,317.3,10.3,351.5,5.9,4764,04764
Retail sale of games and toys in specialised stores ,4765,6,x,,442.1,14.8,4765,04765
Retail sale of other goods in specialised stores ,477,184,338.9,5.1,423.8,6,4770,04770
Retail sale of clothing in specialised stores ,4771,75,329.6,12.7,437.9,17.6,4771,04771
Retail sale of footwear and leather goods in specialised stores,4772,10,271.8,-15.2,338.2,-19,4772,04772
Dispensing chemist in specialised stores ,4773,16,303.2,-9.5,427,-4.8,4773,04773
Retail sale of medical and orthopaedic goods in specialised stores ,4774,x,475,5.3,578.5,4.4,4774,04774
Retail sale of cosmetic and toilet articles in specialised stores ,4775,6,x,,352,11.6,4775,04775
"Retail sale of flowers, plants, seeds, fertilisers, pet animals and pet food in specialised stores",4776,24,333.8,11.7,390,15.9,4776,04776
Retail sale of watches and jewellery in specialised stores ,4777,11,465.3,-6.2,519.2,-11.5,4777,04777
Other retail sale of new goods in specialised stores,4778,28,350.3,0.8,409.8,-3.2,4778,04778
Retail sale of second-hand goods in stores ,4779,11,306.4,3.7,426.4,10.2,4779,04779
Retail sale via stalls and markets ,478,x,x,,x,,4780,04780
"Retail sale via stalls and markets of food, beverages and tobacco products ",4781,x,x,,x,,4781,04781
"Retail sale via stalls and markets of textiles, clothing and footwear ",4782,:,,,,,4782,04782
Retail sale via stalls and markets of other goods ,4789,..,,,,,4789,04789
"Retail trade not in stores, stalls or markets ",479,41,383.3,6.4,560.1,6.4,4790,04790
Retail sale via mail order houses or via Internet ,4791,36,390.4,1.8,581.7,5.3,4791,04791
"Other retail sale not in stores, stalls or markets  ",4799,5,348.2,3.8,413.6,16.1,4799,04799
TRANSPORTATION AND STORAGE ,H,884,488.5,1.2,576,1.5,H000,0H000
Land transport and transport via pipelines ,49,427,484,1.9,548.2,3,4900,04900
"Passenger rail transport, interurban ",491,46,753.8,15.2,785.2,9.5,4910,04910
"Passenger rail transport, interurban ",4910,46,753.8,15.2,785.2,9.5,4910,04910
Freight rail transport ,492,7,777.3,4.5,759.5,5.2,4920,04920
Freight rail transport ,4920,7,777.3,4.5,759.5,5.2,4920,04920
Other passenger land transport ,493,195,467,0.6,541.1,2.6,4930,04930
Urban and suburban passenger land transport ,4931,152,502.9,1.1,590.1,3.3,4931,04931
Taxi operation ,4932,13,267.7,0.5,295.5,2.8,4932,04932
Other passenger land transport n.e.c.,4939,30,400,8.3,400.3,4.6,4939,04939
Freight transport by road and removal services ,494,180,460,2.4,488.3,1.1,4940,04940
Freight transport by road ,4941,172,460.2,2.6,487.1,0.7,4941,04941
Removal services ,4942,7,436.8,-1.6,516.9,12,4942,04942
Transport via pipeline ,495,x,455.4,,489.5,-17.6,4950,04950
Transport via pipeline ,4950,x,455.4,,489.5,-17.6,4950,04950
Water transport ,50,9,683.9,18.4,799.9,14.6,5000,05000
Sea and coastal passenger water transport ,501,6,677.3,30.8,787.8,35.5,5010,05010
Sea and coastal passenger water transport ,5010,6,677.3,30.8,787.8,35.5,5010,05010
Sea and coastal freight water transport ,502,x,x,,796.5,-10.8,5020,05020
Sea and coastal freight water transport,5020,x,x,,796.5,-10.8,5020,05020
Inland passenger water transport ,503,..,,,,,5030,05030
Inland passenger water transport  ,5030,..,,,,,5030,05030
Inland freight water transport ,504,:,,,,,5040,05040
Inland freight water transport ,5040,:,,,,,5040,05040
Air transport ,51,41,716.1,-2.8,924.9,2.8,5100,05100
Passenger air transport ,511,40,722.2,-3.9,930.7,1.9,5110,05110
Passenger air transport ,5110,40,722.2,-3.9,930.7,1.9,5110,05110
Freight air transport and space transport ,512,x,571.6,22.3,636.5,38.6,5120,05120
Freight air transport ,5121,x,571.6,22.3,636.5,38.6,5121,05121
Space transport ,5122,:,,,,,5122,05122
Warehousing and support activities for transportation ,52,247,507.9,-1.8,613.4,-1.8,5200,05200
Warehousing and storage ,521,105,453.1,2.3,512.9,1.5,5210,05210
Warehousing and storage,5210,105,453.1,2.3,512.9,1.5,5210,05210
Support activities for transportation ,522,142,563,-3.2,687.5,-2.8,5220,05220
Service activities incidental to land transportation,5221,44,600.1,-6.7,698.2,-2.6,5221,05221
Service activities incidental to water transportation,5222,17,582.9,1.7,657.9,-3.2,5222,05222
Service activities incidental to air transportation ,5223,39,574,-4.3,768.2,-2.8,5223,05223
Cargo handling,5224,8,498.1,2,634.7,1.9,5224,05224
Other transportation support activities ,5229,35,509.3,2,611.2,-4.4,5229,05229
Postal and courier activities ,53,161,441.6,1.6,492.3,2.8,5300,05300
Postal activities under universal service obligation ,531,102,440.6,0.2,479.3,0.8,5310,05310
Postal activities under universal service obligation ,5310,102,440.6,0.2,479.3,0.8,5310,05310
Other postal and courier activities ,532,59,443,5.2,514.9,6.2,5320,05320
Other postal and courier activities,5320,59,443,5.2,514.9,6.2,5320,05320
ACCOMMODATION AND FOOD SERVICE ACTIVITIES ,I,705,298.8,7.2,328,7.4,I000,0I000
Accommodation ,55,150,327.1,0.2,372.2,3.2,5500,05500
Hotels and similar accommodation ,551,116,326,0.1,372.2,4.4,5510,05510
Hotels and similar accommodation ,5510,116,326,0.1,372.2,4.4,5510,05510
Holiday and other short stay accommodation ,552,13,344.7,-1.7,353.7,-2.8,5520,05520
Holiday and other short stay accommodation,5520,13,344.7,-1.7,353.7,-2.8,5520,05520
"Camping grounds, recreational vehicle parks and trailer parks ",553,18,313,1.6,363.5,-1.9,5530,05530
"Camping grounds, recreational vehicle parks and trailer parks ",5530,18,313,1.6,363.5,-1.9,5530,05530
Other accommodation ,559,x,x,,x,,5590,05590
Other accommodation,5590,x,x,,x,,5590,05590
Food and beverage service activities ,56,556,282,8,316.1,8.6,5600,05600
Restaurants and mobile food service activities ,561,317,254.7,7.2,291.1,8,5610,05610
Restaurants and mobile food service activities ,5610,317,254.7,7.2,291.1,8,5610,05610
Event catering and other food service activities ,562,78,381.5,9.2,425.1,5.3,5620,05620
Event catering activities ,5621,36,385.9,9.8,418.4,-1.3,5621,05621
Other food service activities ,5629,42,378.5,10,430.8,13.8,5629,05629
Beverage serving activities ,563,161,285,9.2,312.3,10.2,5630,05630
Beverage serving activities ,5630,161,285,9.2,312.3,10.2,5630,05630
INFORMATION AND COMMUNICATION ,J,726,710.3,1.1,822.4,2.6,J000,0J000
Publishing activities ,58,69,653.3,4.5,747.1,1.4,5800,05800
"Publishing of books, periodicals and other publishing activities ",581,61,631.2,2.9,740.6,2.1,5810,05810
Book publishing ,5811,12,592.4,-6.7,754.4,0.1,5811,05811
Publishing of directories and mailing lists,5812,x,x,,x,,5812,05812
Publishing of newspapers  ,5813,19,585.4,9.7,723,1.5,5813,05813
Publishing of journals and periodicals ,5814,22,671.1,7.4,725.5,6.5,5814,05814
Other publishing activities ,5819,7,x,,790.5,-13.3,5819,05819
Software publishing ,582,8,689.9,-1.1,795.5,-0.9,5820,05820
Publishing of computer games ,5821,x,x,,959.7,,5821,05821
Other software publishing ,5829,7,674.4,-4,776.1,-5.9,5829,05829
"Motion picture, video and television programme production, sound recording and music publishing activities ",59,39,554.7,10.3,652.7,2.8,5900,05900
"Motion picture, video and television programme activities ",591,34,546.7,4.5,655.8,1.1,5910,05910
"Motion picture, video and television programme production activities ",5911,14,634.8,3.1,715.6,-6.9,5911,05911
"Motion picture, video and television programme post-production activities ",5912,7,632.9,1.8,789.6,10.6,5912,05912
"Motion picture, video and television programme distribution activities",5913,x,x,,x,,5913,05913
Motion picture projection activities ,5914,10,x,,308.6,1.4,5914,05914
Sound recording and music publishing activities ,592,x,x,,630.8,36.6,5920,05920
Sound recording and music publishing activities ,5920,x,x,,630.8,36.6,5920,05920
Programming and broadcasting activities ,60,29,742,-8.2,823,-8.8,6000,06000
Radio broadcasting ,601,x,x,,656.8,13.6,6010,06010
Radio broadcasting ,6010,x,x,,656.8,13.6,6010,06010
Television programming and broadcasting activities ,602,25,749,-11.2,847.6,-10.6,6020,06020
Television programming and broadcasting activities ,6020,25,749,-11.2,847.6,-10.6,6020,06020
Telecommunications ,61,167,650,4.8,763.6,2.1,6100,06100
Wired telecommunications activities ,611,x,660.2,16.2,788.1,32.5,6110,06110
Wired telecommunications activities ,6110,x,660.2,16.2,788.1,32.5,6110,06110
Wireless telecommunications activities ,612,28,780.5,3.6,855,0.9,6120,06120
Wireless telecommunications activities ,6120,28,780.5,3.6,855,0.9,6120,06120
Satellite telecommunications activities ,613,9,476.9,3.2,482.6,3.1,6130,06130
Satellite telecommunications activities ,6130,9,476.9,3.2,482.6,3.1,6130,06130
Other telecommunications activities ,619,126,654.5,2.1,763.7,1.7,6190,06190
Other telecommunications activities,6190,126,654.5,2.1,763.7,1.7,6190,06190
"Computer programming, consultancy and related activities ",62,372,743.2,0.1,852.3,2,6200,06200
"Computer programming, consultancy and related activities ",620,372,743.2,0.1,852.3,2,6200,06200
Computer programming activities   ,6201,116,721.6,-2.2,841.1,2,6201,06201
Computer consultancy activities ,6202,180,747.8,1.5,838.3,0.8,6202,06202
Computer facilities management activities ,6203,x,x,,x,,6203,06203
Other information technology and computer service activities ,6209,75,766.6,0,907.7,5.5,6209,06209
Information service activities ,63,50,869.5,11,1032,17.6,6300,06300
"Data processing, hosting and related activities; web portals ",631,37,862.4,19.1,1014,26.5,6310,06310
"Data processing, hosting and related activities ",6311,28,766.9,5.9,858,7.4,6311,06311
Web portals ,6312,10,1195.5,,1456,72.7,6312,06312
Other information service activities ,639,13,x,,1084.6,-1.5,6390,06390
News agency activities ,6391,10,x,,1274.4,8.5,6391,06391
Other information service activities n.e.c. ,6399,x,x,,x,,6399,06399
FINANCIAL AND INSURANCE ACTIVITIES ,K,536,849.9,4.4,1121.5,4.4,K000,0K000
"Financial service activities, except insurance and pension funding ",64,274,948.6,5.8,1200.6,4.5,6400,06400
Monetary intermediation ,641,233,968.7,5.3,1236.8,4.1,6410,06410
Central banking ,6411,x,x,,1668.5,25.7,6411,06411
Other monetary intermediation ,6419,227,958.6,4.5,1225.7,3.4,6419,06419
Activities of holding companies ,642,x,x,,x,,6420,06420
Activities of holding companies distribution,6420,x,x,,x,,6420,06420
"Trusts, funds and similar financial entities ",643,x,1418.8,7.6,1544.2,4.8,6430,06430
"Trusts, funds and similar financial entities  ",6430,x,1418.8,7.6,1544.2,4.8,6430,06430
"Other financial service activities, except insurance and pension funding ",649,34,670.8,13.2,902.9,11.7,6490,06490
Financial leasing ,6491,x,x,,979.9,14.1,6491,06491
Other credit granting,6492,18,537,8.9,779.9,16.1,6492,06492
"Other financial service activities, except insurance and pension funding, n.e.c.",6499,15,841.6,-1.9,1047.1,8.4,6499,06499
"Insurance, reinsurance and pension funding, except compulsory social security ",65,56,699.6,-1.3,841.9,-0.7,6500,06500
Insurance ,651,55,700.3,-1.3,838.9,-1.4,6510,06510
Life insurance ,6511,18,908.3,0.6,937.4,-7,6511,06511
Non-life insurance ,6512,37,653.1,-2.7,791.8,1.1,6512,06512
Reinsurance ,652,x,x,,x,,6520,06520
Reinsurance,6520,x,x,,x,,6520,06520
Pension funding ,653,x,x,,x,,6530,06530
Pension funding ,6530,x,x,,x,,6530,06530
Activities auxiliary to financial services and insurance activities ,66,206,788.7,2.9,1092.4,5,6600,06600
"Activities auxiliary to financial services, except insurance and pension funding ",661,82,809.7,11.9,1145.9,11,6610,06610
Administration of financial markets ,6611,x,x,,1120.9,5.6,6611,06611
Security and commodity contracts brokerage ,6612,12,773.3,,996.1,0.7,6612,06612
"Other activities auxiliary to financial services, except insurance and pension funding",6619,66,804.7,11.1,1175.5,13,6619,06619
Activities auxiliary to insurance and pension funding ,662,101,671.5,-7.7,941.5,-0.8,6620,06620
Risk and damage evaluation ,6621,7,623.3,,831.9,-10,6621,06621
Activities of insurance agents and brokers ,6622,66,680.8,-6.3,950.9,-0.4,6622,06622
Other activities auxiliary to insurance and pension funding ,6629,28,652.8,-10.3,948.6,0.9,6629,06629
Fund management activities ,663,23,1322.4,14.5,1573.2,9.6,6630,06630
Fund management activities ,6630,23,1322.4,14.5,1573.2,9.6,6630,06630
REAL ESTATE ACTIVITIES ,L,171,504,1.7,594.2,-0.7,L000,0L000
Real estate activities ,68,171,504,1.7,594.2,-0.7,6800,06800
Buying and selling of own real estate ,681,x,x,,x,,6810,06810
Buying and selling of own real estate ,6810,x,x,,x,,6810,06810
Renting and operating of own or leased real estate ,682,91,527.6,4.2,603.2,2,6820,06820
Renting and operating of own or leased real estate ,6820,91,527.6,4.2,603.2,2,6820,06820
Real estate activities on a fee or contract basis ,683,80,479.1,0,587.8,-3.6,6830,06830
Real estate agencies ,6831,46,465.2,-5.9,579,-6.6,6831,06831
Management of real estate on a fee or contract basis ,6832,34,494.5,5.5,599.6,0.7,6832,06832
"PROFESSIONAL, SCIENTIFIC AND TECHNICAL ACTIVITIES ",M,980,670.8,2.1,814.1,2.4,M000,0M000
Legal and accounting activities ,69,223,670.8,2.8,824.9,3,6900,06900
Legal activities ,691,85,766.6,0,922.6,4.1,6910,06910
Legal activities,6910,85,766.6,0,922.6,4.1,6910,06910
"Accounting, bookkeeping and auditing activities; tax consultancy ",692,138,632.4,10.8,764.8,4.1,6920,06920
"Accounting, bookkeeping and auditing activities; tax consultancy",6920,138,632.4,10.8,764.8,4.1,6920,06920
Activities of head offices; management consultancy activities ,70,228,645.9,4.9,859.7,1.4,7000,07000
Activities of head offices ,701,47,675.7,14.1,996.5,15.8,7010,07010
Activities of head offices ,7010,47,675.7,14.1,996.5,15.8,7010,07010
Management consultancy activities ,702,181,636.7,1.2,824.2,-2.3,7020,07020
Public relations and communication activities,7021,8,597.4,,939.4,,7021,07021
Business and other management consultancy activities ,7022,172,636.9,1.7,818.6,-2.2,7022,07022
Architectural and engineering activities; technical testing and analysis ,71,295,680.4,1.4,799.1,5.2,7100,07100
Architectural and engineering activities and related technical consultancy ,711,267,700.4,2.3,815.5,5.1,7110,07110
Architectural activities ,7111,39,670.8,0,794.1,7.6,7111,07111
Engineering activities and related technical consultancy,7112,228,709.1,2.8,819.1,4.7,7112,07112
Technical testing and analysis,712,29,541.6,8.5,645.5,6.9,7120,07120
Technical testing and analysis ,7120,29,541.6,8.5,645.5,6.9,7120,07120
Scientific research and development ,72,83,746.2,-2.6,854.5,-3,7200,07200
Research and experimental development on natural sciences and engineering ,721,79,755.7,-1.3,864.2,-2.2,7210,07210
Research and experimental development on biotechnology ,7211,x,x,,990.1,-24.2,7211,07211
Other research and experimental development on natural sciences and engineering ,7219,76,745.6,-1.1,858.5,-0.8,7219,07219
Research and experimental development on social sciences and humanities ,722,x,596.3,,647.1,-17.6,7220,07220
Research and experimental development on social sciences and humanities ,7220,x,596.3,,647.1,-17.6,7220,07220
Advertising and market research ,73,68,643.2,-0.3,782.6,0,7300,07300
Advertising ,731,52,632.4,-2.5,792.6,-0.1,7310,07310
Advertising agencies ,7311,43,623.1,-4.2,810.7,3.3,7311,07311
Media representation ,7312,10,690.5,7.5,710.7,-16.4,7312,07312
Market research and public opinion polling ,732,15,670.8,9.6,748.2,-0.2,7320,07320
Market research and public opinion polling ,7320,15,670.8,9.6,748.2,-0.2,7320,07320
"Other professional, scientific and technical activities ",74,72,574.9,0,697.5,3.9,7400,07400
Specialised design activities ,741,20,583.2,16.4,724.8,16.7,7410,07410
Specialised design activities ,7410,20,583.2,16.4,724.8,16.7,7410,07410
Photographic activities,742,x,x,,486.4,-1.9,7420,07420
Photographic activities,7420,x,x,,486.4,-1.9,7420,07420
Translation and interpretation activities ,743,x,389,,469.4,,7430,07430
Translation and interpretation activities ,7430,x,389,,469.4,,7430,07430
"Other professional, scientific and technical activities n.e.c. ",749,47,594.1,-3.1,707.4,-2.4,7490,07490
"Other professional, scientific and technical activities n.e.c. ",7490,47,594.1,-3.1,707.4,-2.4,7490,07490
Veterinary activities ,75,12,618.2,-6.7,716.6,8.1,7500,07500
Veterinary activities ,750,12,618.2,-6.7,716.6,8.1,7500,07500
Veterinary activities ,7500,12,618.2,-6.7,716.6,8.1,7500,07500
ADMINISTRATIVE AND SUPPORT SERVICE ACTIVITIES ,N,921,390,2.9,474.7,5.2,N000,0N000
Rental and leasing activities ,77,114,479.1,4.2,551,1.8,7700,07700
Renting and leasing of motor vehicles,771,29,483.7,14.6,555.1,4.2,7710,07710
Renting and leasing of cars and light motor vehicles ,7711,23,416.2,3.4,526.8,7.4,7711,07711
Renting and leasing of trucks ,7712,7,561.4,15.7,651.4,-2.3,7712,07712
Renting and leasing of personal and household goods ,772,7,432.2,7.2,524.2,15.2,7720,07720
Renting and leasing of recreational and sports goods ,7721,x,520,,512.3,16.3,7721,07721
Renting of video tapes and disks ,7722,:,,,,,7722,07722
Renting and leasing of other personal and household goods,7729,x,364.4,-3.7,532.2,10.9,7729,07729
"Renting and leasing of other machinery, equipment and tangible goods ",773,76,479.1,0.2,548.7,-0.7,7730,07730
Renting and leasing of agricultural machinery and equipment ,7731,x,435.8,11,496.7,14.3,7731,07731
Renting and leasing of construction and civil engineering machinery and equipment ,7732,43,475.4,-0.6,548.7,-2.5,7732,07732
Renting and leasing of office machinery and equipment (including computers) ,7733,x,440.6,-15.8,452.9,-17,7733,07733
Renting and leasing of water transport equipment,7734,:,,,,,7734,07734
Renting and leasing of air transport equipment,7735,..,,,,,7735,07735
"Renting and leasing of other machinery, equipment and tangible goods n.e.c. ",7739,30,482.2,0.9,557.8,1.7,7739,07739
"Leasing of intellectual property and similar products, except copyrighted works ",774,x,x,,680.9,-4.2,7740,07740
"Leasing of intellectual property and similar products, except copyrighted works ",7740,x,x,,680.9,-4.2,7740,07740
Employment activities ,78,315,341.9,6.1,406.1,7.1,7800,07800
Activities of employment placement agencies ,781,40,377.1,10.4,448.7,12.7,7810,07810
Activities of employment placement agencies ,7810,40,377.1,10.4,448.7,12.7,7810,07810
Temporary employment agency activities ,782,272,334,4.7,397.6,6,7820,07820
Temporary employment agency activities ,7820,272,334,4.7,397.6,6,7820,07820
Other human resources provision ,783,x,x,,x,,7830,07830
Other human resources provision ,7830,x,x,,x,,7830,07830
"Travel agency, tour operator and other reservation service and related activities ",79,29,487.8,-1.1,645,0.3,7900,07900
Travel agency and tour operator activities ,791,26,494,0.1,661.2,-1,7910,07910
Travel agency activities ,7911,15,479.1,2.4,632.5,-4.2,7911,07911
Tour operator activities ,7912,11,536.6,4.5,698.3,3.2,7912,07912
Other reservation service and related activities ,799,x,x,,463.8,12.5,7990,07990
Other reservation service and related activities ,7990,x,x,,463.8,12.5,7990,07990
Security and investigation activities ,80,93,407,4.6,426.6,5.3,8000,08000
Private security activities ,801,88,401.8,4.6,418.1,6.7,8010,08010
Private security activities,8010,88,401.8,4.6,418.1,6.7,8010,08010
Security systems service activities ,802,x,485.5,-6.9,549.7,-19.1,8020,08020
Security systems service activities ,8020,x,485.5,-6.9,549.7,-19.1,8020,08020
Investigation activities ,803,x,x,,x,,8030,08030
Investigation activities ,8030,x,x,,x,,8030,08030
Services to buildings and landscape activities ,81,223,372.3,3.4,425.2,2,8100,08100
Combined facilities support activities ,811,100,488.7,0.9,539.9,-3.8,8110,08110
Combined facilities support activities  ,8110,100,488.7,0.9,539.9,-3.8,8110,08110
Cleaning activities ,812,90,273.3,16.4,309.6,13.6,8120,08120
General cleaning of buildings ,8121,69,220,12.3,271.6,12.2,8121,08121
Other building and industrial cleaning activities ,8122,7,360,14.1,450.7,7.5,8122,08122
Other cleaning activities ,8129,14,387.6,12.3,422.1,12.5,8129,08129
Landscape service activities ,813,32,365.2,4.7,392.4,-2,8130,08130
Landscape service activities ,8130,32,365.2,4.7,392.4,-2,8130,08130
"Office administrative, office support and other business support activities ",82,148,464.8,1.9,634.4,8.8,8200,08200
Office administrative and support activities,821,8,460.4,-17.1,726.4,16.7,8210,08210
Combined office administrative service activities ,8211,5,x,,x,,8211,08211
"Photocopying, document preparation and other specialised office support activities ",8219,x,x,,602.5,17.5,8219,08219
Activities of call centres,822,18,316.4,1,433.5,9.3,8220,08220
Activities of call centres ,8220,18,316.4,1,433.5,9.3,8220,08220
Organisation of conventions and trade shows,823,11,606.2,7.6,660,0.3,8230,08230
Convention and trade show organizers,8230,11,606.2,7.6,660,0.3,8230,08230
Business support service activities nec,829,111,488.3,6.2,656.8,9.3,8290,08290
Activities of collection agencies and credit bureaus,8291,7,482.2,0.6,646.7,-4.1,8291,08291
Packaging activities,8292,12,424.8,1.5,619.5,1.3,8292,08292
Other business support service activities n.e.c. ,8299,92,502.6,6.7,662.5,11,8299,08299
PUBLIC ADMINISTRATION AND DEFENCE; COMPULSORY SOCIAL SECURITY ,O,724,612.1,0.3,636.9,-0.1,O000,0O000
Public administration and defence; compulsory social security ,84,724,612.1,0.3,636.9,-0.1,8400,08400
Administration of the State and the economic and social policy of the community,841,306,549.2,-0.3,596.6,-0.3,8410,08410
General public administration activities ,8411,272,527.9,0.4,575.9,-0.8,8411,08411
"Regulation of the activities of providing health care, education, cultural services and other social services, excluding social security ",8412,30,707,1.9,736.1,3.1,8412,08412
Regulation of and contribution to more efficient operation of businesses ,8413,x,857.5,50.6,942.5,15.7,8413,08413
Provision of services to the community as a whole ,842,383,697.5,3.4,682,-0.3,8420,08420
Foreign affairs ,8421,x,685.2,,785.2,25.8,8421,08421
Defence activities ,8422,34,590.2,1.2,648.3,1.7,8422,08422
Justice and judicial activities ,8423,49,539,-2.3,576.2,-6.6,8423,08423
Public order and safety activities ,8424,247,730.7,1.3,727.7,1.1,8424,08424
Fire service activities ,8425,52,603.7,0.2,584.3,-5.8,8425,08425
Compulsory social security activities ,843,35,448.6,-2.8,495,2.1,8430,08430
Compulsory social security activities ,8430,35,448.6,-2.8,495,2.1,8430,08430
EDUCATION ,P,1185,583.2,1.9,618.6,1.7,P000,0P000
Education ,85,1185,583.2,1.9,618.6,1.7,8500,08500
Pre-primary education ,851,x,x,,424.1,-9.6,8510,08510
Pre-primary education ,8510,x,x,,424.1,-9.6,8510,08510
Primary education ,852,499,545.1,2.8,573.2,1.1,8520,08520
Primary education ,8520,499,545.1,2.8,573.2,1.1,8520,08520
Secondary education ,853,272,582.2,0.8,596.5,1.9,8530,08530
General secondary education ,8531,189,625.1,-0.7,628.4,1.7,8531,08531
Technical and vocational secondary education ,8532,83,516.9,-1.9,524.2,0.5,8532,08532
Higher education ,854,341,669.9,0.7,713.2,0.9,8540,08540
Post-secondary non-tertiary education ,8541,17,474.6,6.2,457.7,-0.8,8541,08541
Tertiary education,8542,324,690,1.1,726.8,1,8542,08542
Other education ,855,64,454.2,-0.7,556.3,6.1,8550,08550
Sports and recreation education  ,8551,x,x,,x,,8551,08551
Cultural education ,8552,x,x,,x,,8552,08552
Driving school activities ,8553,x,x,,571,-3.9,8553,08553
Other education n.e.c. ,8559,57,468.7,-0.2,573.7,6.3,8559,08559
Educational support activities ,856,8,684.6,10,721.8,-1,8560,08560
Educational support activities,8560,8,684.6,10,721.8,-1,8560,08560
HUMAN HEALTH AND SOCIAL WORK ACTIVITIES ,Q,858,468.7,-0.2,619,0.3,Q000,0Q000
Human health activities ,86,566,547.7,-0.6,723.9,1,8600,08600
Hospital activities ,861,447,561.4,0.2,754.7,1.1,8610,08610
Hospital activities,8610,447,561.4,0.2,754.7,1.1,8610,08610
Medical and dental practice activities ,862,23,465.3,8.6,578.1,2.5,8620,08620
General medical practice activities,8621,15,x,,636.7,0,8621,08621
Specialist medical practice activities ,8622,x,x,,x,,8622,08622
Dental practice activities ,8623,6,x,,422.9,21.5,8623,08623
Other human health activities ,869,96,515.5,-3.3,614.3,-0.5,8690,08690
Other human health activities  ,8690,96,515.5,-3.3,614.3,-0.5,8690,08690
Residential care activities ,87,143,346.1,4.5,410.2,1.3,8700,08700
Residential nursing care activities ,871,41,339.7,1.5,405.1,5.7,8710,08710
Residential nursing care activities ,8710,41,339.7,1.5,405.1,5.7,8710,08710
"Residential care activities for mental retardation, mental health and substance abuse ",872,10,372.5,-10.8,447.3,-15.6,8720,08720
"Residential care activities for mental retardation, mental health and substance abuse ",8720,10,372.5,-10.8,447.3,-15.6,8720,08720
Residential care activities for the elderly and disabled,873,39,332.5,9.6,392.5,4.1,8730,08730
Residential care activities for the elderly and disabled ,8730,39,332.5,9.6,392.5,4.1,8730,08730
Other residential care activities,879,52,362.3,8,420.3,0.3,8790,08790
Other residential care activities ,8790,52,362.3,8,420.3,0.3,8790,08790
Social work activities without accommodation ,88,150,371.4,0.4,421.3,-0.9,8800,08800
Social work activities without accommodation for the elderly and disabled ,881,47,325.8,7.1,345.5,-0.9,8810,08810
Social work activities without accommodation for the elderly and disabled ,8810,47,325.8,7.1,345.5,-0.9,8810,08810
Other social work activities without accommodation,889,103,412,-1.1,455.4,-0.3,8890,08890
Child day-care activities ,8891,16,291.4,-10.1,338.6,-16.9,8891,08891
Other social work activities without accommodation n.e.c. ,8899,87,435.1,2.1,477.5,2.5,8899,08899
"ARTS, ENTERTAINMENT AND RECREATION ",R,290,348.8,0.5,552.5,3.4,R000,0R000
"Creative, arts and entertainment activities ",90,28,503.2,8.8,740.8,17.3,9000,09000
"Creative, arts and entertainment activities ",900,28,503.2,8.8,740.8,17.3,9000,09000
Performing arts ,9001,13,533.4,-3.5,x,,9001,09001
Support activities to performing arts ,9002,x,x,,729.5,20.9,9002,09002
Artistic creation ,9003,8,442.5,,568.7,1.4,9003,09003
Operation of arts facilities,9004,x,x,,513.7,34.5,9004,09004
"Libraries, archives, museums and other cultural activities ",91,27,411.9,0.9,476.9,7.3,9100,09100
"Libraries, archives, museums and other cultural activities ",910,27,411.9,0.9,476.9,7.3,9100,09100
Library and archive activities ,9101,x,565.6,-1.9,667.4,-2.3,9101,09101
Museum activities ,9102,9,414.3,-2.7,464.6,9.8,9102,09102
Operation of historical sites and buildings and similar visitor attractions ,9103,5,x,,398.8,12.7,9103,09103
Botanical and zoological gardens and nature reserve activities ,9104,8,395.6,3.6,441.4,8.5,9104,09104
Gambling and betting activities ,92,51,359,0.9,439,7.3,9200,09200
Gambling and betting activities ,920,51,359,0.9,439,7.3,9200,09200
Gambling and betting activities ,9200,51,359,0.9,439,7.3,9200,09200
Sports activities and amusement and recreation activities ,93,184,312,-3.5,566.8,-1.5,9300,09300
Sports activities ,931,166,321.9,-0.5,592.6,-0.3,9310,09310
Operation of sports facilities ,9311,67,255.7,-14.8,309.8,-6.6,9311,09311
Activities of sport clubs ,9312,66,348.1,13.6,x,,9312,09312
Fitness facilities ,9313,14,328.1,,402,-5.7,9313,09313
Other sports activities ,9319,19,448.9,-2.6,643.4,9,9319,09319
Amusement and recreation activities ,932,18,x,,332.4,-15.7,9320,09320
Activities of amusement parks and theme parks ,9321,9,x,,288.5,-15.1,9321,09321
Other amusement and recreation activities  ,9329,9,x,,376.6,-12.9,9329,09329
OTHER SERVICE ACTIVITIES ,S ,198,443.7,1.5,524.2,2.2,S 00,0S 00
Activities of membership organisations ,94,102,458.9,3.7,530.5,1.1,9400,09400
"Activities of business, employers and professional membership organisations ",941,23,683.4,-5.6,823.2,-6.1,9410,09410
Activities of business and employers membership organisations ,9411,6,594.7,,818.4,-11.2,9411,09411
Activities of professional membership organisations ,9412,17,708.5,-5.8,825,-3.9,9412,09412
Activities of trade unions ,942,x,x,,888.8,25.6,9420,09420
Activities of trade unions ,9420,x,x,,888.8,25.6,9420,09420
Activities of other membership organisations ,949,76,422.7,1.1,428.7,0.1,9490,09490
Activities of religious organisations  ,9491,42,431.5,1.7,408,-0.6,9491,09491
Activities of political organisations ,9492,x,x,,x,,9492,09492
Activities of other membership organisations n.e.c. ,9499,34,406.5,1.3,459.2,2.4,9499,09499
Repair of computers and personal and household goods ,95,26,514.1,3.2,662,8.6,9500,09500
Repair of computers and communication equipment ,951,20,611.6,9.3,734.6,9.2,9510,09510
Repair of computers and peripheral equipment ,9511,17,615.6,10.2,778.2,11.4,9511,09511
Repair of communication equipment ,9512,x,x,,502.4,-5.8,9512,09512
Repair of personal and household goods ,952,6,397.8,3.8,409,3.2,9520,09520
Repair of consumer electronics  ,9521,x,x,,495.7,-3.4,9521,09521
Repair of household appliances and home and garden equipment ,9522,x,396.8,8.9,391.9,-2.8,9522,09522
Repair of footwear and leather goods  ,9523,x,330.5,6.8,353.1,14.6,9523,09523
Repair of furniture and home furnishings ,9524,x,334,-15,365.6,-9.6,9524,09524
"Repair of watches, clocks and jewellery ",9525,x,346.1,-7.9,396.7,-2.8,9525,09525
Repair of other personal and household goods ,9529,x,393.3,,381.3,29.4,9529,09529
Other personal service activities ,96,70,397.3,3.2,464.1,1.7,9600,09600
Other personal service activities ,960,70,397.3,3.2,464.1,1.7,9600,09600
Washing and (dry-)cleaning of textile and fur products ,9601,10,331.4,0.2,392.2,-4.1,9601,09601
Hairdressing and other beauty treatment ,9602,9,246.7,-10.6,281.3,-10,9602,09602
Funeral and related activities ,9603,9,349.9,-3.7,341.1,-9.2,9603,09603
Physical well-being activities ,9604,x,x,,x,,9604,09604
Other personal service activities n.e.c,9609,41,454.1,5.2,547.6,5.9,9609,09609
ACTIVITIES OF HOUSEHOLDS AS EMPLOYERS; UNDIFFERENTIATED GOODS-AND SERVICES-PRODUCING ACTIVITIES OF HOUSEHOLDS FOR OWN USE ,T ,13,x,,244.3,18.6,T 00,0T 00
Activities of households as employers of domestic personnel ,97,13,x,,244.3,18.6,9700,09700
Activities of households as employers of domestic personnel,970,13,x,,244.3,18.6,9700,09700
Activities of households as employers of domestic personnel ,9700,13,x,,244.3,18.6,9700,09700
Undifferentiated goods- and services-producing activities of private households for own use ,98,:,,,,,9800,09800
Undifferentiated goods-producing activities of private households for own use,981,:,,,,,9810,09810
Undifferentiated goods-producing activities of private households for own use ,9810,:,,,,,9810,09810
Undifferentiated service producing activities of private households for own use,982,:,,,,,9820,09820
Undifferentiated service-producing activities of private households for own use,9820,:,,,,,9820,09820
ACTIVITIES OF EXTRATERRITORIAL ORGANISATIONS AND BODIES ,U ,x,541.4,-8.3,564.5,-8.4,U 00,0U 00
Activities of extraterritorial organisations and bodies ,99,x,541.4,-8.3,564.5,-8.4,9900,09900
Activities of extraterritorial organisations and bodies,990,x,541.4,-8.3,564.5,-8.4,9900,09900
Activities of extraterritorial organisations and bodies ,9900,x,541.4,-8.3,564.5,-8.4,9900,09900
NOT CLASSIFIED,,5,x,,561.5,,0000,00000
